Date,Non-farm_Payrolls,Civilian_Unemployment_Rate,Effective_Fed_Funds,CPI_All_Items,10Y_Treasury_Rate,5Y_Treasury_Rate,3_Month_T-Bill_Rate,IPI,S&P_500_Index
2020-02-01,152487.0,3.5,1.58,259.05,1.5,1.32,1.52,109.6035,2954.219971
2020-01-01,152212.0,3.6,1.55,258.82,1.76,1.56,1.52,108.9993,3225.52002
2019-12-01,151998.0,3.5,1.55,258.444,1.86,1.68,1.54,109.5587,3230.780029
2019-11-01,151814.0,3.5,1.55,257.824,1.81,1.64,1.54,110.026,3140.97998
2019-10-01,151553.0,3.6,1.83,257.229,1.71,1.53,1.65,109.0103,3037.560059
2019-09-01,151368.0,3.5,2.04,256.593,1.7,1.57,1.89,109.4725,2976.73999
2019-08-01,151160.0,3.7,2.13,256.294,1.63,1.49,1.95,109.8543,2926.459961
2019-07-01,150953.0,3.7,2.4,256.087,2.06,1.83,2.1,109.0852,2980.3798829999996
2019-06-01,150759.0,3.7,2.38,255.402,2.07,1.83,2.17,109.2774,2941.76001
2019-05-01,150577.0,3.6,2.39,255.167,2.4,2.19,2.35,109.2264,2752.060059
2019-04-01,150492.0,3.6,2.42,254.943,2.53,2.33,2.38,108.9888,2945.830078
2019-03-01,150282.0,3.8,2.41,254.095,2.57,2.37,2.4,109.6811,2834.399902
2019-02-01,150135.0,3.8,2.4,253.181,2.68,2.49,2.39,109.5631,2784.48999
2019-01-01,150134.0,4.0,2.4,252.55,2.71,2.54,2.37,110.1185,2704.100098
2018-12-01,149865.0,3.9,2.27,252.653,2.83,2.68,2.37,110.5516,2506.850098
2018-11-01,149683.0,3.7,2.2,252.662,3.12,2.95,2.33,110.5067,2760.169922
2018-10-01,149549.0,3.8,2.19,252.777,3.15,3.0,2.25,109.9165,2711.73999
2018-09-01,149348.0,3.7,1.95,252.261,3.0,2.89,2.13,109.6749,2913.97998
2018-08-01,149268.0,3.8,1.91,251.905,2.89,2.77,2.03,109.5246,2901.52002
2018-07-01,149024.0,3.8,1.91,251.482,2.89,2.78,1.96,108.652,2816.290039
2018-06-01,148888.0,4.0,1.82,251.176,2.91,2.78,1.9,108.1707,2718.3701170000004
2018-05-01,148669.0,3.8,1.7,250.64,2.98,2.82,1.86,107.3639,2705.27002
2018-04-01,148391.0,4.0,1.69,249.957,2.87,2.7,1.76,108.2223,2648.050049
2018-03-01,148254.0,4.0,1.51,249.413,2.84,2.63,1.7,107.2519,2640.8701170000004
2018-02-01,148078.0,4.1,1.42,249.475,2.86,2.6,1.57,106.6419,2713.830078
2018-01-01,147672.0,4.1,1.41,248.816,2.58,2.38,1.41,106.2655,2823.810059
2017-12-01,147551.0,4.1,1.3,247.847,2.4,2.18,1.32,106.536,2673.610107
2017-11-01,147421.0,4.2,1.16,247.333,2.35,2.05,1.23,106.193,2584.840088
2017-10-01,147196.0,4.1,1.15,246.57,2.36,1.98,1.07,105.6287,2575.26001
2017-09-01,146929.0,4.2,1.15,246.445,2.2,1.8,1.03,104.0502,2519.360107
2017-08-01,146911.0,4.4,1.16,245.304,2.21,1.78,1.01,104.0475,2471.649902
2017-07-01,146727.0,4.3,1.15,244.328,2.32,1.87,1.07,104.5427,2470.300049
2017-06-01,146512.0,4.3,1.04,244.179,2.19,1.77,0.98,104.5849,2423.409912
2017-05-01,146296.0,4.4,0.91,243.926,2.3,1.84,0.89,104.4129,2411.800049
2017-04-01,146141.0,4.4,0.9,244.058,2.3,1.82,0.8,104.2721,2384.199951
2017-03-01,145944.0,4.4,0.79,243.721,2.48,2.01,0.74,103.343,2362.719971
2017-02-01,145815.0,4.6,0.66,244.028,2.42,1.9,0.52,102.6479,2363.639893
2017-01-01,145627.0,4.7,0.65,243.717,2.43,1.92,0.51,103.0366,2278.8701170000004
2016-12-01,145442.0,4.7,0.54,242.712,2.49,1.96,0.51,102.9281,2238.830078
2016-11-01,145212.0,4.7,0.41,241.993,2.14,1.6,0.45,102.0507,2198.810059
2016-10-01,145061.0,4.9,0.4,241.641,1.76,1.27,0.33,102.2485,2126.149902
2016-09-01,144916.0,5.0,0.4,241.068,1.63,1.18,0.29,102.0477,2168.27002
2016-08-01,144647.0,4.9,0.4,240.595,1.56,1.13,0.3,102.0407,2170.949951
2016-07-01,144512.0,4.8,0.39,240.111,1.5,1.07,0.3,102.1325,2173.600098
2016-06-01,144158.0,4.9,0.38,240.144,1.64,1.17,0.27,101.8747,2098.860107
2016-05-01,143891.0,4.8,0.37,239.44,1.81,1.3,0.27,101.4298,2096.949951
2016-04-01,143849.0,5.0,0.37,238.835,1.81,1.26,0.23,101.5167,2065.300049
2016-03-01,143662.0,5.0,0.36,237.99,1.89,1.38,0.29,101.4155,2059.73999
2016-02-01,143433.0,4.9,0.38,237.514,1.78,1.22,0.31,102.2225,1932.22998
2016-01-01,143170.0,4.9,0.34,237.827,2.09,1.52,0.26,102.9525,1940.2399899999998
2015-12-01,143097.0,5.0,0.24,237.761,2.24,1.7,0.23,102.1014,2043.939941
2015-11-01,142824.0,5.1,0.12,238.017,2.26,1.67,0.12,102.6866,2080.409912
2015-10-01,142587.0,5.0,0.12,237.733,2.07,1.39,0.02,103.3976,2079.360107
2015-09-01,142281.0,5.0,0.14,237.498,2.17,1.49,0.02,103.7768,1920.030029
2015-08-01,142126.0,5.1,0.14,238.033,2.17,1.54,0.07,104.1621,1972.180054
2015-07-01,142001.0,5.2,0.13,238.034,2.32,1.63,0.03,104.3243,2103.840088
2015-06-01,141699.0,5.3,0.13,237.657,2.36,1.68,0.02,103.7174,2063.110107
2015-05-01,141525.0,5.6,0.12,237.001,2.2,1.54,0.02,104.0742,2107.389893
2015-04-01,141194.0,5.4,0.12,236.222,1.94,1.35,0.02,104.5272,2085.51001
2015-03-01,140910.0,5.4,0.11,235.976,2.04,1.52,0.03,105.1464,2067.889893
2015-02-01,140839.0,5.5,0.11,235.342,1.98,1.47,0.02,105.4425,2104.5
2015-01-01,140568.0,5.7,0.11,234.747,1.88,1.37,0.03,105.9806,1994.9899899999998
2014-12-01,140377.0,5.6,0.12,236.252,2.21,1.64,0.03,106.5085,2058.899902
2014-11-01,140109.0,5.8,0.09,236.983,2.33,1.62,0.02,106.6634,2067.560059
2014-10-01,139818.0,5.7,0.09,237.43,2.3,1.55,0.02,105.8357,2018.050049
2014-09-01,139566.0,5.9,0.09,237.477,2.53,1.77,0.02,105.8138,1972.290039
2014-08-01,139257.0,6.1,0.09,237.46,2.42,1.63,0.03,105.4986,2003.369995
2014-07-01,139069.0,6.2,0.09,237.498,2.54,1.7,0.03,105.6157,1930.6700440000002
2014-06-01,138837.0,6.1,0.1,237.231,2.6,1.68,0.04,105.4081,1960.22998
2014-05-01,138511.0,6.3,0.09,236.918,2.56,1.59,0.03,105.0152,1923.569946
2014-04-01,138293.0,6.2,0.09,236.468,2.71,1.7,0.03,104.6371,1883.949951
2014-03-01,137968.0,6.7,0.08,236.028,2.72,1.64,0.05,104.5889,1872.339966
2014-02-01,137714.0,6.7,0.07,235.547,2.71,1.52,0.05,103.5917,1859.449951
2014-01-01,137548.0,6.6,0.07,235.288,2.86,1.65,0.04,102.7216,1782.589966
2013-12-01,137373.0,6.7,0.09,234.719,2.9,1.58,0.07,103.1504,1848.359985
2013-11-01,137304.0,6.9,0.08,234.1,2.72,1.37,0.07,102.8379,1805.810059
2013-10-01,137040.0,7.2,0.09,233.669,2.62,1.37,0.05,102.5371,1756.540039
2013-09-01,136815.0,7.2,0.08,233.544,2.81,1.6,0.02,102.717,1681.550049
2013-08-01,136628.0,7.2,0.08,233.456,2.74,1.52,0.04,102.1907,1632.969971
2013-07-01,136386.0,7.3,0.09,232.9,2.58,1.4,0.04,101.5204,1685.72998
2013-06-01,136274.0,7.5,0.09,232.445,2.3,1.2,0.05,101.9549,1606.280029
2013-05-01,136093.0,7.5,0.11,231.893,1.93,0.84,0.04,101.7476,1630.73999
2013-04-01,135871.0,7.6,0.15,231.797,1.76,0.71,0.06,101.6364,1597.569946
2013-03-01,135680.0,7.5,0.14,232.282,1.96,0.82,0.09,101.8114,1569.189941
2013-02-01,135541.0,7.7,0.15,232.937,1.98,0.85,0.1,101.3995,1514.680054
2013-01-01,135263.0,8.0,0.14,231.679,1.91,0.81,0.07,100.8204,1498.109985
2012-12-01,135072.0,7.9,0.16,231.221,1.72,0.7,0.07,100.9542,1426.189941
2012-11-01,134833.0,7.7,0.16,231.249,1.65,0.67,0.09,100.5991,1416.180054
2012-10-01,134677.0,7.8,0.16,231.638,1.75,0.71,0.1,100.1167,1412.160034
2012-09-01,134518.0,7.8,0.14,231.015,1.72,0.67,0.11,99.9049,1440.670044
2012-08-01,134331.0,8.1,0.13,229.918,1.68,0.71,0.1,99.856,1406.579956
2012-07-01,134159.0,8.2,0.16,228.59,1.53,0.62,0.1,100.3354,1379.319946
2012-06-01,134007.0,8.2,0.16,228.524,1.62,0.71,0.09,100.0728,1362.160034
2012-05-01,133934.0,8.2,0.16,228.713,1.8,0.76,0.09,100.0924,1310.329956
2012-04-01,133834.0,8.2,0.14,229.187,2.05,0.89,0.08,99.9006,1397.910034
2012-03-01,133752.0,8.2,0.13,228.807,2.17,1.02,0.08,99.1551,1408.469971
2012-02-01,133512.0,8.3,0.1,228.329,1.97,0.83,0.09,99.6203,1365.680054
2012-01-01,133250.0,8.3,0.08,227.842,1.97,0.84,0.03,99.3925,1312.410034
2011-12-01,132896.0,8.5,0.07,227.223,1.98,0.89,0.01,98.7876,1257.599976
2011-11-01,132694.0,8.6,0.08,227.169,2.01,0.91,0.01,98.2433,1246.959961
2011-10-01,132562.0,8.8,0.07,226.75,2.15,1.06,0.02,98.3222,1253.300049
2011-09-01,132358.0,9.0,0.08,226.597,1.98,0.9,0.01,97.6494,1131.420044
2011-08-01,132125.0,9.0,0.1,226.106,2.3,1.02,0.02,97.6731,1218.890015
2011-07-01,131999.0,9.0,0.07,225.395,3.0,1.54,0.04,97.1292,1292.280029
2011-06-01,131939.0,9.1,0.09,224.806,3.0,1.58,0.04,96.6154,1320.640015
2011-05-01,131703.0,9.0,0.09,224.806,3.17,1.84,0.04,96.3377,1345.199951
2011-04-01,131602.0,9.1,0.1,224.093,3.46,2.17,0.06,96.1187,1363.609985
2011-03-01,131288.0,9.0,0.14,223.046,3.41,2.11,0.1,96.4643,1325.829956
2011-02-01,131053.0,9.0,0.16,221.898,3.58,2.26,0.13,95.5154,1327.219971
2011-01-01,130841.0,9.1,0.17,221.187,3.39,1.99,0.15,95.9364,1286.119995
2010-12-01,130822.0,9.3,0.18,220.472,3.29,1.93,0.14,96.0599,1257.640015
2010-11-01,130750.0,9.8,0.19,219.59,2.76,1.35,0.14,95.1383,1180.550049
2010-10-01,130625.0,9.4,0.19,219.035,2.54,1.18,0.13,95.1109,1183.26001
2010-09-01,130357.0,9.5,0.19,218.275,2.65,1.41,0.15,95.3637,1141.199951
2010-08-01,130422.0,9.5,0.19,217.923,2.7,1.47,0.16,95.1448,1049.329956
2010-07-01,130427.0,9.4,0.18,217.605,3.01,1.76,0.16,94.8536,1101.599976
2010-06-01,130511.0,9.4,0.18,217.199,3.2,2.0,0.12,94.4397,1030.709961
2010-05-01,130650.0,9.6,0.2,217.29,3.42,2.18,0.16,94.2997,1089.410034
2010-04-01,130110.0,9.9,0.2,217.403,3.85,2.58,0.16,92.9436,1186.689941
2010-03-01,129879.0,9.9,0.16,217.353,3.73,2.43,0.15,92.5993,1169.430054
2010-02-01,129698.0,9.8,0.13,217.281,3.69,2.36,0.11,91.994,1104.48999
2010-01-01,129790.0,9.8,0.11,217.488,3.73,2.48,0.06,91.6642,1073.869995
2009-12-01,129788.0,9.9,0.12,217.347,3.59,2.34,0.05,90.6132,1115.099976
2009-11-01,130057.0,9.9,0.12,217.234,3.4,2.23,0.05,90.3375,1095.630005
2009-10-01,130045.0,10.0,0.12,216.509,3.39,2.33,0.07,89.9797,1036.189941
2009-09-01,130244.0,9.8,0.15,215.861,3.4,2.37,0.12,89.6926,1057.079956
2009-08-01,130485.0,9.6,0.16,215.445,3.59,2.57,0.17,89.019,1020.6199949999999
2009-07-01,130668.0,9.5,0.16,214.726,3.56,2.46,0.18,88.0323,987.4799800000001
2009-06-01,131008.0,9.5,0.21,214.79,3.72,2.71,0.18,87.0742,919.320007
2009-05-01,131475.0,9.4,0.18,213.022,3.29,2.13,0.18,87.4155,919.1400150000001
2009-04-01,131817.0,9.0,0.15,212.709,2.93,1.86,0.16,88.3056,872.8099980000001
2009-03-01,132512.0,8.7,0.18,212.495,2.82,1.82,0.21,89.016,797.869995
2009-02-01,133312.0,8.3,0.22,212.705,2.87,1.87,0.3,90.4502,735.090027
2009-01-01,134055.0,7.8,0.15,211.933,2.52,1.6,0.13,91.0373,825.880005
2008-12-01,134839.0,7.3,0.16,211.398,2.42,1.52,0.03,93.2521,903.25
2008-11-01,135545.0,6.8,0.39,213.153,3.53,2.29,0.19,96.0605,896.23999
2008-10-01,136272.0,6.5,0.97,216.995,3.81,2.73,0.67,97.2832,968.75
2008-09-01,136753.0,6.1,1.81,218.877,3.69,2.88,1.13,96.3666,1166.359985
2008-08-01,137213.0,6.1,2.0,218.69,3.89,3.14,1.72,100.7353,1282.829956
2008-07-01,137491.0,5.8,2.01,219.016,4.01,3.3,1.63,102.3002,1267.380005
2008-06-01,137687.0,5.6,2.0,217.463,4.1,3.49,1.86,102.8445,1280.0
2008-05-01,137858.0,5.4,1.98,215.208,3.88,3.15,1.73,103.0863,1400.380005
2008-04-01,138035.0,5.0,2.28,213.942,3.68,2.84,1.29,103.6704,1385.589966
2008-03-01,138275.0,5.1,2.61,213.448,3.51,2.48,1.26,104.4616,1322.699951
2008-02-01,138324.0,4.9,2.98,212.687,3.74,2.78,2.12,104.7094,1330.630005
2008-01-01,138403.0,5.0,3.94,212.174,3.74,2.98,2.75,105.0619,1378.550049
2007-12-01,138392.0,5.0,4.24,211.445,4.1,3.49,3.0,105.3457,1468.359985
2007-11-01,138284.0,4.7,4.49,210.834,4.15,3.67,3.27,105.3338,1481.140015
2007-10-01,138174.0,4.7,4.76,209.19,4.53,4.2,3.9,104.7171,1549.380005
2007-09-01,138095.0,4.7,4.94,208.547,4.52,4.2,3.89,105.1611,1526.75
2007-08-01,138015.0,4.6,5.02,207.667,4.67,4.43,4.2,104.7556,1473.98999
2007-07-01,138038.0,4.7,5.26,207.603,5.0,4.88,4.82,104.5227,1455.27002
2007-06-01,138069.0,4.6,5.25,207.234,5.1,5.03,4.61,104.5617,1503.349976
2007-05-01,137993.0,4.4,5.25,206.755,4.75,4.67,4.73,104.5322,1530.619995
2007-04-01,137842.0,4.5,5.25,205.904,4.69,4.59,4.87,104.4814,1482.369995
2007-03-01,137793.0,4.4,5.26,205.288,4.56,4.48,4.94,103.7521,1420.859985
2007-02-01,137558.0,4.5,5.26,204.226,4.72,4.71,5.03,103.5264,1406.819946
2007-01-01,137477.0,4.6,5.25,203.437,4.76,4.75,4.98,102.4933,1438.23999
2006-12-01,137249.0,4.4,5.24,203.1,4.56,4.53,4.85,103.0292,1418.300049
2006-11-01,137063.0,4.5,5.25,202.0,4.6,4.58,4.94,101.9688,1400.630005
2006-10-01,136852.0,4.4,5.25,201.9,4.73,4.69,4.92,102.0668,1377.939941
2006-09-01,136843.0,4.5,5.25,202.8,4.72,4.67,4.81,102.1252,1335.849976
2006-08-01,136694.0,4.7,5.25,203.8,4.88,4.82,4.96,102.3327,1303.819946
2006-07-01,136520.0,4.7,5.24,202.9,5.09,5.04,4.95,101.9319,1276.660034
2006-06-01,136325.0,4.6,4.99,201.8,5.11,5.07,4.79,101.9693,1270.199951
2006-05-01,136244.0,4.6,4.94,201.3,5.11,5.0,4.72,101.579,1270.089966
2006-04-01,136205.0,4.7,4.79,200.7,4.99,4.9,4.6,101.6813,1310.609985
2006-03-01,136047.0,4.7,4.59,199.7,4.72,4.72,4.51,101.2751,1294.869995
2006-02-01,135737.0,4.8,4.49,199.4,4.57,4.57,4.43,101.0669,1280.660034
2006-01-01,135429.0,4.7,4.29,199.3,4.42,4.35,4.24,101.0627,1280.079956
2005-12-01,135149.0,4.9,4.16,198.1,4.47,4.39,3.89,100.9437,1248.290039
2005-11-01,134993.0,5.0,4.0,198.1,4.54,4.45,3.88,100.3216,1249.47998
2005-10-01,134655.0,5.0,3.78,199.1,4.46,4.33,3.71,99.3149,1207.01001
2005-09-01,134566.0,5.0,3.62,198.8,4.2,4.01,3.42,98.0779,1228.810059
2005-08-01,134498.0,4.9,3.5,196.1,4.26,4.12,3.44,99.9435,1220.329956
2005-07-01,134296.0,5.0,3.26,194.9,4.18,3.98,3.22,99.6692,1234.180054
2005-06-01,133942.0,5.0,3.04,193.7,4.0,3.77,2.97,99.9853,1191.329956
2005-05-01,133690.0,5.1,3.0,193.6,4.14,3.85,2.84,99.6033,1191.5
2005-04-01,133518.0,5.2,2.79,193.7,4.34,4.0,2.78,99.4734,1156.849976
2005-03-01,133156.0,5.2,2.63,193.1,4.5,4.17,2.74,99.3061,1180.589966
2005-02-01,133032.0,5.4,2.5,192.4,4.17,3.77,2.54,99.4639,1203.599976
2005-01-01,132774.0,5.3,2.28,191.6,4.22,3.71,2.33,98.7845,1181.27002
2004-12-01,132624.0,5.4,2.16,191.7,4.23,3.6,2.19,98.3318,1211.920044
2004-11-01,132503.0,5.4,1.93,191.7,4.19,3.53,2.07,97.6137,1173.819946
2004-10-01,132447.0,5.5,1.76,190.8,4.1,3.35,1.76,97.4094,1130.199951
2004-09-01,132093.0,5.4,1.61,189.8,4.13,3.36,1.65,96.4907,1114.579956
2004-08-01,131937.0,5.4,1.43,189.2,4.28,3.47,1.48,96.4095,1104.23999
2004-07-01,131848.0,5.5,1.26,189.1,4.5,3.69,1.33,96.3385,1101.719971
2004-06-01,131793.0,5.6,1.03,188.9,4.73,3.93,1.27,95.6019,1140.839966
2004-05-01,131694.0,5.6,1.0,188.2,4.72,3.85,1.02,96.3966,1120.680054
2004-04-01,131411.0,5.6,1.0,187.4,4.35,3.39,0.94,95.6385,1107.300049
2004-03-01,131142.0,5.8,1.0,187.1,3.83,2.79,0.94,95.2088,1126.209961
2004-02-01,130825.0,5.6,1.01,186.7,4.08,3.07,0.93,95.6847,1144.939941
2004-01-01,130769.0,5.7,1.0,186.3,4.15,3.12,0.88,95.1085,1131.130005
2003-12-01,130588.0,5.7,0.98,185.5,4.27,3.27,0.9,94.8662,1111.920044
2003-11-01,130474.0,5.8,1.0,185.0,4.3,3.29,0.93,94.9338,1058.199951
2003-10-01,130454.0,6.0,1.01,184.9,4.29,3.19,0.92,94.2079,1050.709961
2003-09-01,130254.0,6.1,1.01,185.1,4.27,3.18,0.94,94.0751,995.9699710000001
2003-08-01,130149.0,6.1,1.03,184.5,4.45,3.37,0.95,93.5246,1008.01001
2003-07-01,130191.0,6.2,1.01,183.7,3.98,2.87,0.9,93.6582,990.3099980000001
2003-06-01,130194.0,6.3,1.22,183.1,3.33,2.27,0.92,93.2476,974.5
2003-05-01,130196.0,6.1,1.26,182.9,3.57,2.52,1.07,93.0918,963.590027
2003-04-01,130177.0,6.0,1.26,183.2,3.96,2.93,1.13,93.0657,916.919983
2003-03-01,130232.0,5.9,1.25,183.9,3.81,2.78,1.13,93.7358,848.179993
2003-02-01,130444.0,5.9,1.26,183.6,3.9,2.9,1.17,93.9532,841.150024
2003-01-01,130580.0,5.8,1.24,182.6,4.05,3.05,1.17,93.8198,855.7000119999999
2002-12-01,130472.0,6.0,1.24,181.8,4.03,3.03,1.19,93.1103,879.820007
2002-11-01,130615.0,5.9,1.34,181.5,4.05,3.05,1.23,93.5693,936.3099980000001
2002-10-01,130628.0,5.7,1.75,181.2,3.94,2.95,1.58,93.0834,885.76001
2002-09-01,130501.0,5.7,1.75,180.8,3.87,2.94,1.63,93.3654,815.280029
2002-08-01,130587.0,5.7,1.74,180.5,4.26,3.29,1.62,93.2359,916.070007
2002-07-01,130590.0,5.8,1.73,180.0,4.65,3.81,1.68,93.2237,911.6199949999999
2002-06-01,130684.0,5.8,1.75,179.6,4.93,4.19,1.7,93.4476,989.820007
2002-05-01,130634.0,5.8,1.75,179.5,5.16,4.49,1.73,92.5668,1067.140015
2002-04-01,130623.0,5.9,1.75,179.3,5.21,4.65,1.71,92.1771,1076.920044
2002-03-01,130717.0,5.7,1.73,178.5,5.28,4.74,1.79,91.798,1147.390015
2002-02-01,130736.0,5.7,1.74,178.0,4.91,4.3,1.72,91.0553,1106.72998
2002-01-01,130852.0,5.7,1.73,177.7,5.04,4.34,1.65,91.0794,1130.199951
2001-12-01,130982.0,5.7,1.82,177.4,5.09,4.39,1.69,90.5073,1148.079956
2001-11-01,131142.0,5.5,2.09,177.5,4.65,3.97,1.87,90.486,1139.449951
2001-10-01,131454.0,5.3,2.49,177.6,4.57,3.91,2.16,90.9315,1059.780029
2001-09-01,131771.0,5.0,3.07,178.1,4.73,4.12,2.64,91.3289,1040.939941
2001-08-01,132028.0,4.9,3.65,177.4,4.97,4.57,3.36,91.6795,1133.579956
2001-07-01,132177.0,4.6,3.77,177.4,5.24,4.76,3.51,91.7933,1211.22998
2001-06-01,132299.0,4.5,3.97,177.7,5.28,4.81,3.49,92.3208,1224.380005
2001-05-01,132410.0,4.3,4.21,177.3,5.39,4.93,3.62,92.876,1255.819946
2001-04-01,132463.0,4.4,4.8,176.4,5.14,4.76,3.87,93.4469,1249.459961
2001-03-01,132747.0,4.3,5.31,176.1,4.89,4.64,4.42,93.7201,1160.329956
2001-02-01,132789.0,4.2,5.49,176.0,5.1,4.89,4.88,93.9398,1239.939941
2001-01-01,132698.0,4.2,5.98,175.6,5.16,4.86,5.15,94.5448,1366.01001
2000-12-01,132709.0,3.9,6.4,174.6,5.24,5.17,5.77,95.1573,1320.280029
2000-11-01,132556.0,3.9,6.51,174.2,5.72,5.7,6.17,95.4229,1314.949951
2000-10-01,132351.0,3.9,6.51,173.9,5.74,5.78,6.11,95.397,1429.400024
2000-09-01,132353.0,3.9,6.52,173.6,5.8,5.93,6.0,95.679,1436.51001
2000-08-01,132230.0,4.1,6.5,172.7,5.83,6.06,6.09,95.3112,1517.680054
2000-07-01,132236.0,4.0,6.54,172.7,6.05,6.18,5.96,95.5906,1430.829956
2000-06-01,132061.0,4.0,6.53,172.2,6.1,6.3,5.69,95.7353,1454.599976
2000-05-01,132105.0,4.0,6.27,171.2,6.44,6.69,5.79,95.6435,1420.599976
2000-04-01,131888.0,3.8,6.02,170.9,5.99,6.26,5.66,95.4808,1452.430054
2000-03-01,131596.0,4.0,5.85,171.0,6.26,6.5,5.69,94.798,1498.579956
2000-02-01,131124.0,4.1,5.73,170.0,6.52,6.68,5.55,94.4557,1366.420044
2000-01-01,131005.0,4.0,5.45,169.3,6.66,6.58,5.32,94.1758,1394.459961
1999-12-01,130772.0,4.0,5.3,168.8,6.28,6.19,5.2,94.1593,1469.25
1999-11-01,130466.0,4.1,5.42,168.4,6.03,5.97,5.07,93.4371,1388.910034
1999-10-01,130177.0,4.1,5.2,168.1,6.11,6.03,4.86,92.9979,1362.930054
1999-09-01,129772.0,4.2,5.22,167.8,5.92,5.8,4.68,91.774,1282.709961
1999-08-01,129569.0,4.2,5.07,167.1,5.94,5.84,4.72,92.1629,1320.410034
1999-07-01,129414.0,4.3,4.99,166.7,5.79,5.68,4.55,91.7766,1328.719971
1999-06-01,129089.0,4.3,4.76,166.0,5.9,5.81,4.57,91.1994,1372.709961
1999-05-01,128808.0,4.2,4.74,166.0,5.54,5.44,4.5,91.352,1301.839966
1999-04-01,128597.0,4.3,4.74,165.9,5.18,5.08,4.29,90.7274,1335.180054
1999-03-01,128227.0,4.2,4.81,164.8,5.23,5.14,4.44,90.4819,1286.369995
1999-02-01,128120.0,4.4,4.76,164.7,5.0,4.91,4.44,90.3386,1238.329956
1999-01-01,127702.0,4.3,4.63,164.7,4.72,4.6,4.34,89.8594,1279.640015
1998-12-01,127596.0,4.4,4.68,164.4,4.65,4.45,4.39,89.4407,1229.22998
1998-11-01,127231.0,4.4,4.83,164.1,4.83,4.54,4.41,89.1098,1163.630005
1998-10-01,126954.0,4.5,5.07,163.9,4.53,4.18,3.96,89.1677,1098.670044
1998-09-01,126752.0,4.6,5.51,163.5,4.81,4.62,4.61,88.4515,1017.01001
1998-08-01,126544.0,4.5,5.55,163.4,5.34,5.27,4.9,88.6247,957.2800289999999
1998-07-01,126205.0,4.5,5.54,163.2,5.46,5.46,4.96,86.8423,1120.670044
1998-06-01,126076.0,4.5,5.56,162.8,5.5,5.52,4.98,87.145,1133.839966
1998-05-01,125844.0,4.4,5.49,162.6,5.65,5.63,5.0,87.6952,1090.819946
1998-04-01,125442.0,4.3,5.45,162.2,5.64,5.61,4.95,87.1411,1111.75
1998-03-01,125164.0,4.7,5.49,162.0,5.65,5.61,5.03,86.8198,1101.75
1998-02-01,125016.0,4.6,5.51,162.0,5.57,5.49,5.09,86.7612,1049.339966
1998-01-01,124812.0,4.6,5.56,162.0,5.54,5.42,5.04,86.6474,980.2800289999999
1997-12-01,124549.0,4.7,5.5,161.8,5.81,5.77,5.16,86.2047,970.429993
1997-11-01,124235.0,4.6,5.52,161.7,5.88,5.8,5.14,85.9397,955.400024
1997-10-01,123929.0,4.7,5.5,161.5,6.03,5.93,4.97,85.1918,914.6199949999999
1997-09-01,123585.0,4.9,5.54,161.2,6.21,6.11,4.95,84.4651,947.2800289999999
1997-08-01,123093.0,4.8,5.54,160.8,6.3,6.16,5.14,83.7214,899.4699710000001
1997-07-01,123111.0,4.9,5.52,160.4,6.22,6.12,5.05,82.8557,954.3099980000001
1997-06-01,122814.0,5.0,5.56,160.2,6.49,6.38,4.93,82.2285,885.1400150000001
1997-05-01,122546.0,4.9,5.5,159.9,6.71,6.57,5.05,81.8293,848.2800289999999
1997-04-01,122286.0,5.1,5.51,159.9,6.89,6.76,5.16,81.3531,801.340027
1997-03-01,121990.0,5.2,5.39,159.8,6.69,6.54,5.14,81.334,757.119995
1997-02-01,121675.0,5.2,5.19,159.7,6.42,6.2,5.01,80.793,790.820007
1997-01-01,121363.0,5.3,5.25,159.4,6.58,6.33,5.03,79.8273,786.159973
1996-12-01,121143.0,5.4,5.29,159.1,6.3,6.07,4.91,79.7143,740.73999
1996-11-01,120961.0,5.4,5.31,158.7,6.2,5.97,5.03,79.1996,757.02002
1996-10-01,120665.0,5.2,5.24,158.2,6.53,6.27,4.99,78.5065,705.27002
1996-09-01,120410.0,5.2,5.3,157.7,6.83,6.6,5.09,78.5532,687.330017
1996-08-01,120199.0,5.1,5.22,157.2,6.64,6.39,5.05,78.016,651.98999
1996-07-01,120015.0,5.5,5.4,157.0,6.87,6.64,5.15,77.5662,639.950012
1996-06-01,119769.0,5.3,5.27,156.7,6.91,6.69,5.09,77.6669,670.630005
1996-05-01,119486.0,5.6,5.24,156.4,6.74,6.48,5.02,77.0161,669.119995
1996-04-01,119158.0,5.6,5.22,156.1,6.51,6.3,4.95,76.4562,654.169983
1996-03-01,118993.0,5.5,5.31,155.5,6.27,5.97,4.96,75.7631,645.5
1996-02-01,118739.0,5.5,5.22,155.0,5.81,5.38,4.83,75.8344,640.429993
1996-01-01,118316.0,5.6,5.56,154.7,5.65,5.36,5.0,74.6841,636.02002
1995-12-01,118320.0,5.6,5.6,153.9,5.71,5.51,5.14,75.1755,615.929993
1995-11-01,118175.0,5.6,5.8,153.7,5.93,5.69,5.36,74.8897,605.369995
1995-10-01,118031.0,5.5,5.76,153.5,6.04,5.86,5.28,74.7017,581.5
1995-09-01,117875.0,5.6,5.8,153.1,6.2,6.0,5.28,74.7937,584.409973
1995-08-01,117634.0,5.7,5.74,152.9,6.49,6.24,5.4,74.495,561.880005
1995-07-01,117380.0,5.7,5.85,152.6,6.28,6.01,5.42,73.5664,562.0599980000001
1995-06-01,117286.0,5.6,6.0,152.4,6.17,5.93,5.47,73.8602,544.75
1995-05-01,117049.0,5.6,6.01,152.1,6.63,6.41,5.67,73.6104,533.400024
1995-04-01,117069.0,5.8,6.05,151.8,7.06,6.86,5.65,73.3612,514.710022
1995-03-01,116907.0,5.4,5.98,151.2,7.2,7.05,5.73,73.4081,500.709991
1995-02-01,116697.0,5.4,5.92,150.9,7.47,7.37,5.77,73.3025,487.39001500000006
1995-01-01,116501.0,5.6,5.53,150.5,7.78,7.76,5.71,73.4219,470.420013
1994-12-01,116165.0,5.5,5.45,150.1,7.81,7.78,5.6,73.2879,459.26998899999995
1994-11-01,115869.0,5.6,5.29,149.8,7.96,7.72,5.29,72.5263,453.69000199999994
1994-10-01,115458.0,5.8,4.76,149.4,7.74,7.4,4.95,72.082,472.35000599999995
1994-09-01,115247.0,5.9,4.73,149.3,7.46,7.08,4.62,71.4767,462.709991
1994-08-01,114896.0,6.0,4.47,149.0,7.24,6.88,4.48,71.2053,475.48999000000003
1994-07-01,114610.0,6.1,4.26,148.4,7.3,6.91,4.33,70.7846,458.26000999999997
1994-06-01,114238.0,6.1,4.25,147.9,7.1,6.7,4.14,70.6763,444.26998899999995
1994-05-01,113921.0,6.1,4.01,147.5,7.18,6.78,4.14,70.2281,456.5
1994-04-01,113586.0,6.4,3.56,147.2,6.97,6.52,3.68,69.8703,450.910004
1994-03-01,113242.0,6.5,3.34,147.1,6.48,5.94,3.5,69.4766,445.76998899999995
1994-02-01,112781.0,6.6,3.25,146.7,5.97,5.4,3.25,68.7836,467.14001500000006
1994-01-01,112595.0,6.6,3.05,146.3,5.75,5.09,2.98,68.7648,481.60998499999994
1993-12-01,112314.0,6.5,2.96,146.3,5.77,5.15,3.06,68.5054,466.450012
1993-11-01,111984.0,6.6,3.02,146.0,5.72,5.06,3.1,68.1326,461.790009
1993-10-01,111733.0,6.8,2.99,145.6,5.33,4.71,3.02,67.8515,467.829987
1993-09-01,111448.0,6.7,3.09,145.0,5.36,4.73,2.95,67.3345,458.92999299999997
1993-08-01,111206.0,6.8,3.03,144.8,5.68,5.03,3.02,67.014,463.55999800000006
1993-07-01,111055.0,6.9,3.06,144.5,5.81,5.09,3.04,67.0845,448.130005
1993-06-01,110749.0,7.0,3.04,144.3,5.96,5.22,3.07,66.8781,450.52999900000003
1993-05-01,110568.0,7.1,3.0,144.2,6.04,5.2,2.96,66.7674,450.19000199999994
1993-04-01,110296.0,7.1,2.96,143.8,5.97,5.13,2.87,67.0,440.19000199999994
1993-03-01,109994.0,7.0,3.07,143.3,5.98,5.19,2.95,66.7658,451.670013
1993-02-01,110044.0,7.1,3.03,143.1,6.26,5.43,2.93,66.8594,443.380005
1993-01-01,109794.0,7.3,3.02,142.8,6.6,5.83,3.0,66.5643,438.77999900000003
1992-12-01,109495.0,7.4,2.92,142.3,6.77,6.08,3.22,66.2772,435.709991
1992-11-01,109272.0,7.4,3.09,142.1,6.87,6.04,3.13,66.2174,431.35000599999995
1992-10-01,109139.0,7.3,3.1,141.7,6.59,5.6,2.86,65.9369,418.679993
1992-09-01,108959.0,7.6,3.22,141.1,6.42,5.38,2.91,65.446,417.799988
1992-08-01,108925.0,7.6,3.3,140.8,6.59,5.6,3.13,65.2943,414.02999900000003
1992-07-01,108793.0,7.7,3.25,140.5,6.84,5.84,3.21,65.6172,424.209991
1992-06-01,108715.0,7.8,3.76,140.1,7.26,6.48,3.66,65.0295,408.140015
1992-05-01,108649.0,7.6,3.82,139.7,7.39,6.69,3.63,65.0202,415.350006
1992-04-01,108519.0,7.4,3.73,139.4,7.48,6.78,3.75,64.8088,414.950012
1992-03-01,108365.0,7.4,3.98,139.1,7.54,6.95,4.04,64.3212,403.690002
1992-02-01,108311.0,7.4,4.06,138.6,7.34,6.58,3.84,63.7911,412.700012
1992-01-01,108369.0,7.3,4.03,138.3,7.03,6.24,3.8,63.3374,408.77999900000003
1991-12-01,108328.0,7.3,4.43,138.2,7.09,6.19,4.07,63.6937,417.089996
1991-11-01,108296.0,7.0,4.81,137.8,7.42,6.62,4.56,63.948,375.22000099999997
1991-10-01,108357.0,7.0,5.21,137.2,7.53,6.87,4.99,64.0213,392.450012
1991-09-01,108336.0,6.9,5.45,137.0,7.65,7.14,5.22,64.133,387.859985
1991-08-01,108310.0,6.9,5.66,136.6,7.9,7.43,5.33,63.5671,395.429993
1991-07-01,108292.0,6.8,5.82,136.2,8.27,7.91,5.58,63.5128,387.809998
1991-06-01,108334.0,6.9,5.9,136.0,8.28,7.94,5.57,63.4372,371.160004
1991-05-01,108249.0,6.9,5.78,135.6,8.07,7.7,5.46,62.8646,389.829987
1991-04-01,108364.0,6.7,5.91,135.1,8.04,7.7,5.65,62.2415,375.339996
1991-03-01,108574.0,6.8,6.12,134.8,8.11,7.77,5.91,62.119,375.22000099999997
1991-02-01,108734.0,6.6,6.25,134.8,7.85,7.47,5.94,62.4462,367.070007
1991-01-01,109055.0,6.4,6.91,134.7,8.09,7.7,6.22,62.8852,343.929993
1990-12-01,109166.0,6.3,7.31,134.2,8.08,7.73,6.74,63.1594,330.22000099999997
1990-11-01,109214.0,6.2,7.81,133.7,8.39,8.02,7.06,63.5753,322.22000099999997
1990-10-01,109367.0,5.9,8.11,133.4,8.72,8.33,7.17,64.3274,304.0
1990-09-01,109518.0,5.9,8.2,132.5,8.89,8.51,7.36,64.8145,306.049988
1990-08-01,109616.0,5.7,8.13,131.6,8.75,8.44,7.45,64.7326,322.559998
1990-07-01,109824.0,5.5,8.15,130.5,8.47,8.33,7.62,64.5205,356.149994
1990-06-01,109856.0,5.2,8.29,129.9,8.48,8.43,7.73,64.6041,358.019989
1990-05-01,109839.0,5.4,8.18,129.1,8.76,8.74,7.74,64.3973,361.230011
1990-04-01,109686.0,5.4,8.26,128.9,8.79,8.77,7.77,64.2602,330.799988
1990-03-01,109644.0,5.2,8.28,128.6,8.59,8.6,7.9,64.358,339.940002
1990-02-01,109435.0,5.3,8.24,128.0,8.47,8.42,7.74,64.0446,331.890015
1990-01-01,109199.0,5.4,8.23,127.5,8.21,8.12,7.64,63.4228,329.079987
1989-12-01,108836.0,5.4,8.45,126.3,7.84,7.75,7.63,63.8467,353.399994
1989-11-01,108752.0,5.4,8.55,125.9,7.87,7.81,7.69,63.4616,345.98999
1989-10-01,108476.0,5.3,8.84,125.4,8.01,7.97,7.64,63.2542,340.359985
1989-09-01,108369.0,5.3,9.02,124.8,8.19,8.17,7.75,63.2954,349.149994
1989-08-01,108120.0,5.2,8.99,124.5,8.11,8.09,7.9,63.5168,351.450012
1989-07-01,108069.0,5.2,9.24,124.5,8.02,7.83,7.88,62.9354,346.079987
1989-06-01,108027.0,5.3,9.53,124.1,8.28,8.29,8.15,63.5187,317.980011
1989-05-01,107913.0,5.2,9.81,123.7,8.86,8.91,8.43,63.4884,320.519989
1989-04-01,107791.0,5.2,9.84,123.1,9.18,9.3,8.65,63.9124,309.640015
1989-03-01,107621.0,5.0,9.85,122.2,9.36,9.51,8.82,63.8691,294.869995
1989-02-01,107427.0,5.2,9.36,121.6,9.17,9.27,8.53,63.7242,288.859985
1989-01-01,107161.0,5.4,9.12,121.2,9.09,9.15,8.27,64.0153,297.47000099999997
1988-12-01,106898.0,5.3,8.76,120.7,9.11,9.09,8.07,63.8233,277.72000099999997
1988-11-01,106617.0,5.3,8.35,120.3,8.96,8.79,7.76,63.5128,273.700012
1988-10-01,106276.0,5.4,8.3,119.9,8.8,8.51,7.35,63.4122,278.97000099999997
1988-09-01,106013.0,5.4,8.19,119.5,8.98,8.69,7.24,63.099,271.910004
1988-08-01,105674.0,5.6,8.01,119.0,9.26,8.94,7.06,63.2723,261.519989
1988-07-01,105550.0,5.4,7.75,118.5,9.06,8.66,6.73,63.0093,272.019989
1988-06-01,105326.0,5.4,7.51,118.0,8.92,8.49,6.46,62.9823,273.5
1988-05-01,104962.0,5.6,7.09,117.5,9.09,8.58,6.26,62.8223,262.160004
1988-04-01,104732.0,5.4,6.87,117.2,8.72,8.19,5.91,62.8959,261.329987
1988-03-01,104489.0,5.7,6.58,116.5,8.37,7.83,5.7,62.5418,258.890015
1988-02-01,104214.0,5.7,6.58,116.2,8.21,7.71,5.66,62.4169,267.820007
1988-01-01,103753.0,5.7,6.83,116.0,8.67,8.18,5.81,62.1469,257.070007
1987-12-01,103661.0,5.7,6.77,115.6,8.99,8.45,5.77,62.119,247.080002
1987-11-01,103372.0,5.8,6.69,115.4,8.86,8.35,5.69,61.8137,230.30000299999998
1987-10-01,103138.0,6.0,7.29,115.0,9.52,9.08,6.13,61.491,251.789993
1987-09-01,102647.0,5.9,7.22,114.7,9.42,8.94,6.4,60.6069,321.829987
1987-08-01,102420.0,6.0,6.73,114.3,8.76,8.32,6.04,60.4517,329.799988
1987-07-01,102247.0,6.1,6.58,113.8,8.45,8.01,5.69,59.9536,318.660004
1987-06-01,101900.0,6.2,6.73,113.5,8.4,8.02,5.67,59.5409,304.0
1987-05-01,101728.0,6.3,6.85,113.0,8.61,8.26,5.66,59.2653,290.100006
1987-04-01,101499.0,6.3,6.37,112.7,8.02,7.57,5.64,58.8851,288.359985
1987-03-01,101164.0,6.6,6.13,112.2,7.25,6.79,5.59,58.516,291.700012
1987-02-01,100919.0,6.6,6.1,111.8,7.25,6.79,5.59,58.4399,284.200012
1987-01-01,100678.0,6.6,6.43,111.4,7.08,6.64,5.43,57.685,274.079987
1986-12-01,100509.0,6.6,6.91,110.8,7.11,6.67,5.53,57.8623,242.169998
1986-11-01,100308.0,6.9,6.04,110.4,7.25,6.76,5.35,57.3792,249.22000099999997
1986-10-01,100121.0,7.0,5.85,110.2,7.43,6.83,5.18,57.1191,243.979996
1986-09-01,99934.0,7.0,5.89,110.0,7.45,6.92,5.21,56.8532,231.32000699999998
1986-08-01,99588.0,6.9,6.17,109.6,7.17,6.8,5.53,56.7381,252.92999300000002
1986-07-01,99473.0,7.0,6.56,109.5,7.3,7.06,5.83,56.814,236.11999500000002
1986-06-01,99155.0,7.2,6.92,109.4,7.8,7.64,6.21,56.4976,250.83999599999999
1986-05-01,99248.0,7.2,6.85,109.0,7.71,7.52,6.15,56.6823,247.350006
1986-04-01,99121.0,7.1,6.99,108.7,7.3,7.05,6.06,56.5599,235.520004
1986-03-01,98934.0,7.2,7.48,109.1,7.78,7.46,6.56,56.542,238.899994
1986-02-01,98847.0,7.2,7.86,109.7,8.7,8.34,7.06,56.9344,226.919998
1986-01-01,98732.0,6.7,8.14,109.9,9.19,8.68,7.07,57.3104,211.77999900000003
1985-12-01,98609.0,7.0,8.27,109.5,9.26,8.73,7.1,57.0458,211.27999900000003
1985-11-01,98443.0,7.0,8.05,109.0,9.78,9.28,7.24,56.4549,202.169998
1985-10-01,98233.0,7.1,7.99,108.5,10.24,9.69,7.16,56.2648,189.820007
1985-09-01,98045.0,7.1,7.92,108.1,10.37,9.81,7.1,56.4983,182.080002
1985-08-01,97840.0,7.1,7.9,107.9,10.33,9.81,7.14,56.2555,188.630005
1985-07-01,97648.0,7.4,7.88,107.7,10.31,9.7,7.08,56.0234,190.919998
1985-06-01,97459.0,7.4,7.53,107.5,10.16,9.6,6.95,56.3901,191.850006
1985-05-01,97312.0,7.2,7.97,107.2,10.85,10.34,7.48,56.3488,189.550003
1985-04-01,97038.0,7.3,8.27,107.0,11.43,11.01,7.95,56.2693,179.830002
1985-03-01,96842.0,7.2,8.58,106.8,11.86,11.52,8.52,56.4232,180.66000400000001
1985-02-01,96503.0,7.2,8.5,106.3,11.51,11.13,8.27,56.3323,181.179993
1985-01-01,96372.0,7.3,8.35,105.7,11.38,10.93,7.76,56.1398,179.630005
1984-12-01,96107.0,7.3,8.38,105.5,11.5,11.07,8.06,56.2296,167.240005
1984-11-01,95982.0,7.2,9.43,105.3,11.57,11.33,8.61,56.1667,163.580002
1984-10-01,95629.0,7.4,9.99,105.1,12.16,12.06,9.74,55.9459,166.08999599999999
1984-09-01,95344.0,7.3,11.3,104.7,12.52,12.53,10.37,56.0382,166.100006
1984-08-01,95032.0,7.5,11.64,104.4,12.72,12.68,10.47,56.1376,166.679993
1984-07-01,94789.0,7.5,11.23,104.1,13.36,13.27,10.12,56.0842,150.66000400000001
1984-06-01,94479.0,7.2,11.06,103.7,13.56,13.48,9.87,55.9085,153.179993
1984-05-01,94098.0,7.4,10.32,103.5,13.41,13.17,9.83,55.7141,150.550003
1984-04-01,93792.0,7.7,10.29,103.3,12.63,12.37,9.69,55.4514,160.050003
1984-03-01,93429.0,7.8,9.91,102.9,12.32,12.02,9.52,55.1052,159.179993
1984-02-01,93157.0,7.8,9.59,102.6,11.84,11.54,9.09,54.835,157.059998
1984-01-01,92673.0,8.0,9.56,102.1,11.67,11.37,8.9,54.6008,163.41000400000001
1983-12-01,92230.0,8.3,9.47,101.4,11.83,11.54,9.0,53.5343,164.929993
1983-11-01,91875.0,8.5,9.34,101.1,11.69,11.41,8.76,53.2534,166.399994
1983-10-01,91520.0,8.8,9.48,100.8,11.54,11.28,8.64,53.0679,163.550003
1983-09-01,91247.0,9.2,9.45,100.4,11.65,11.43,9.0,52.6303,166.070007
1983-08-01,90129.0,9.5,9.56,100.1,11.85,11.63,9.34,51.8454,164.399994
1983-07-01,90437.0,9.4,9.37,99.8,11.38,11.21,9.08,51.2733,162.559998
1983-06-01,90021.0,10.1,8.98,99.4,10.85,10.63,8.79,50.5089,167.639999
1983-05-01,89644.0,10.1,8.63,99.2,10.38,10.03,8.19,50.2084,162.389999
1983-04-01,89364.0,10.2,8.8,98.8,10.4,10.02,8.21,49.8675,164.429993
1983-03-01,89090.0,10.3,8.77,98.1,10.51,10.08,8.35,49.2654,152.96000700000002
1983-02-01,88917.0,10.4,8.51,98.0,10.72,10.26,8.11,48.8688,148.059998
1983-01-01,88990.0,10.4,8.68,97.9,10.46,10.03,7.86,49.1762,145.300003
1982-12-01,88771.0,10.8,8.95,97.7,10.54,10.22,7.94,48.2424,140.639999
1982-11-01,88786.0,10.8,9.2,98.0,10.55,10.38,8.07,48.592,138.529999
1982-10-01,88907.0,10.4,9.71,98.1,10.91,10.8,7.71,48.7874,133.720001
1982-09-01,89183.0,10.1,10.31,97.7,12.34,12.25,7.92,49.226,120.41999799999999
1982-08-01,89363.0,9.8,10.12,97.7,13.06,13.0,8.68,49.3773,119.510002
1982-07-01,89521.0,9.8,12.59,97.5,13.95,14.07,11.35,49.8138,107.089996
1982-06-01,89865.0,9.6,14.15,97.0,14.3,14.43,12.47,49.9692,109.610001
1982-05-01,90107.0,9.4,14.45,95.9,13.62,13.75,12.09,50.138,111.879997
1982-04-01,90150.0,9.3,14.94,95.0,13.87,14.0,12.7,50.4627,116.440002
1982-03-01,90434.0,9.0,14.68,94.7,13.86,13.98,12.68,50.9104,111.959999
1982-02-01,90563.0,8.9,14.78,94.7,14.43,14.54,13.48,51.3016,113.110001
1982-01-01,90565.0,8.6,13.22,94.4,14.59,14.65,12.28,50.3043,120.400002
1981-12-01,90895.0,8.5,12.37,94.1,13.72,13.6,10.85,51.3274,122.550003
1981-11-01,91171.0,8.3,13.31,93.8,13.39,13.38,10.86,51.894,126.349998
1981-10-01,91380.0,7.9,15.08,93.4,15.15,15.41,13.54,52.4949,121.889999
1981-09-01,91477.0,7.6,15.87,93.1,15.32,15.93,14.7,52.8514,116.18
1981-08-01,91565.0,7.4,17.82,92.2,14.94,15.56,15.51,53.1679,122.790001
1981-07-01,91601.0,7.2,19.04,91.5,14.28,14.79,14.95,53.1751,130.919998
1981-06-01,91490.0,7.5,19.1,90.5,13.47,13.95,14.73,52.8284,131.21000700000002
1981-05-01,91296.0,7.5,18.52,89.7,14.1,14.63,16.3,52.5803,132.58999599999999
1981-04-01,91283.0,7.2,15.72,89.1,13.68,13.99,13.69,52.2691,132.809998
1981-03-01,91210.0,7.4,14.7,88.6,13.12,13.41,13.36,52.5025,136.0
1981-02-01,91105.0,7.4,15.93,88.0,13.19,13.41,14.79,52.226,131.270004
1981-01-01,91033.0,7.5,19.08,87.2,12.57,12.77,15.02,52.4668,129.550003
1980-12-01,90943.0,7.2,18.9,86.4,12.84,13.25,15.49,52.7685,135.759995
1980-11-01,90747.0,7.5,15.85,85.6,12.68,12.83,13.73,52.4717,140.520004
1980-10-01,90490.0,7.5,12.81,84.7,11.75,11.86,11.62,51.5813,127.470001
1980-09-01,90213.0,7.5,10.87,83.9,11.51,11.62,10.27,50.9386,125.459999
1980-08-01,90099.0,7.7,9.61,83.2,11.1,10.84,9.13,50.1256,122.379997
1980-07-01,89840.0,7.8,9.03,82.6,10.25,9.53,8.06,49.9462,121.66999799999999
1980-06-01,90101.0,7.6,9.47,82.5,9.78,9.21,7.07,50.3348,114.239998
1980-05-01,90420.0,7.5,10.98,81.7,10.18,9.95,8.58,50.9638,111.239998
1980-04-01,90849.0,6.9,17.61,80.9,11.47,11.84,13.2,52.2336,106.290001
1980-03-01,90994.0,6.3,17.19,80.1,12.75,13.47,15.2,53.3294,102.089996
1980-02-01,90883.0,6.3,14.13,79.0,12.41,12.6,12.86,53.5053,113.660004
1980-01-01,90800.0,6.3,13.82,78.0,10.8,10.74,12.0,53.5037,114.160004
1979-12-01,90672.0,6.0,13.78,76.9,10.39,10.42,12.04,53.2603,107.940002
1979-11-01,90573.0,5.9,13.18,76.0,10.65,10.93,11.79,53.1918,106.160004
1979-10-01,90481.0,6.0,13.77,75.2,10.3,10.63,11.7,53.239,101.82
1979-09-01,90327.0,5.9,11.43,74.4,9.33,9.41,10.26,52.9486,109.32
1979-08-01,90300.0,6.0,10.94,73.7,9.03,9.06,9.52,52.8899,109.32
1979-07-01,90217.0,5.7,10.47,73.0,8.95,8.9,9.24,53.2433,103.809998
1979-06-01,90108.0,5.7,10.29,72.2,8.91,8.85,9.06,53.3157,102.910004
1979-05-01,89789.0,5.6,10.24,71.4,9.25,9.24,9.61,53.3187,99.08000200000001
1979-04-01,89417.0,5.8,10.01,70.6,9.18,9.25,9.46,52.8938,101.760002
1979-03-01,89479.0,5.8,10.09,69.9,9.12,9.2,9.48,53.4973,101.589996
1979-02-01,89055.0,5.9,10.06,69.2,9.1,9.13,9.32,53.3303,96.279999
1979-01-01,88808.0,5.9,10.07,68.5,9.1,9.2,9.35,53.0453,99.93
1978-12-01,88671.0,6.0,10.03,67.9,9.01,9.08,9.08,53.3886,96.110001
1978-11-01,88391.0,5.9,9.76,67.5,8.81,8.84,8.64,53.1047,94.699997
1978-10-01,87956.0,5.8,8.96,67.1,8.64,8.61,7.99,52.7054,93.150002
1978-09-01,87621.0,6.0,8.45,66.5,8.42,8.43,7.85,52.286,102.540001
1978-08-01,87483.0,5.9,8.04,65.9,8.41,8.33,7.08,52.1543,103.290001
1978-07-01,87204.0,6.2,7.81,65.5,8.64,8.54,7.01,51.9592,100.68
1978-06-01,86950.0,5.9,7.6,65.0,8.46,8.36,6.73,51.9833,95.529999
1978-05-01,86509.0,6.0,7.36,64.5,8.35,8.18,6.41,51.6276,97.239998
1978-04-01,86162.0,6.1,6.89,63.9,8.15,7.98,6.29,51.4368,96.83000200000001
1978-03-01,85460.0,6.3,6.79,63.4,8.04,7.86,6.29,50.3928,89.209999
1978-02-01,84948.0,6.3,6.78,63.0,8.03,7.83,6.45,49.4502,87.040001
1978-01-01,84594.0,6.4,6.7,62.7,7.96,7.77,6.44,49.2066,89.25
1977-12-01,84410.0,6.4,6.56,62.3,7.69,7.48,6.07,49.8949,95.099998
1977-11-01,84173.0,6.8,6.51,62.0,7.58,7.34,6.1,49.8117,94.83000200000001
1977-10-01,83800.0,6.8,6.47,61.6,7.52,7.32,6.16,49.7592,92.339996
1977-09-01,83532.0,6.8,6.14,61.3,7.34,7.04,5.81,49.6639,96.529999
1977-08-01,83075.0,7.0,5.9,61.1,7.4,7.03,5.49,49.4259,96.769997
1977-07-01,82834.0,6.9,5.42,60.8,7.33,6.84,5.19,49.412,98.849998
1977-06-01,82488.0,7.2,5.39,60.5,7.28,6.76,5.02,49.3428,100.480003
1977-05-01,82088.0,7.0,5.35,60.2,7.46,6.94,4.96,48.9891,96.120003
1977-04-01,81728.0,7.2,4.73,60.0,7.37,6.79,4.54,48.5838,98.440002
1977-03-01,81391.0,7.4,4.69,59.6,7.46,6.93,4.6,48.131,98.41999799999999
1977-02-01,80988.0,7.6,4.68,59.3,7.39,6.83,4.67,47.5417,99.82
1977-01-01,80690.0,7.5,4.61,58.7,7.21,6.58,4.62,46.8276,102.029999
1976-12-01,80448.0,7.8,4.65,58.4,6.87,6.1,4.35,47.0854,107.459999
1976-11-01,80240.0,7.8,4.95,58.1,7.29,6.52,4.75,46.5978,102.099998
1976-10-01,79911.0,7.7,5.02,57.9,7.41,6.75,4.92,45.9207,102.900002
1976-09-01,79892.0,7.6,5.25,57.6,7.59,7.13,5.08,45.9031,105.239998
1976-08-01,79704.0,7.8,5.29,57.3,7.77,7.31,5.14,45.7737,102.910004
1976-07-01,79547.0,7.8,5.31,57.0,7.83,7.49,5.23,45.4535,103.440002
1976-06-01,79376.0,7.6,5.48,56.7,7.86,7.61,5.41,45.183,104.279999
1976-05-01,79312.0,7.4,5.29,56.4,7.9,7.59,5.2,45.1741,100.18
1976-04-01,79292.0,7.7,4.82,56.1,7.56,7.25,4.86,44.9643,101.639999
1976-03-01,79048.0,7.6,4.84,56.0,7.73,7.49,5.0,44.7125,102.769997
1976-02-01,78816.0,7.7,4.77,55.9,7.79,7.45,4.88,44.6725,99.709999
1976-01-01,78503.0,7.9,4.87,55.8,7.74,7.46,4.87,44.2288,100.860001
1975-12-01,78017.0,8.2,5.2,55.6,8.0,7.76,5.44,43.5973,90.190002
1975-11-01,77685.0,8.3,5.22,55.3,8.05,7.8,5.48,43.0614,91.239998
1975-10-01,77540.0,8.4,5.82,54.9,8.14,7.97,5.96,42.9687,89.040001
1975-09-01,77228.0,8.4,6.24,54.6,8.43,8.37,6.42,42.7796,83.870003
1975-08-01,77153.0,8.4,6.14,54.2,8.4,8.33,6.44,42.2573,86.879997
1975-07-01,76770.0,8.6,6.1,54.0,8.06,7.92,6.13,41.8234,88.75
1975-06-01,76521.0,8.8,5.55,53.5,7.86,7.51,5.34,41.4224,95.190002
1975-05-01,76624.0,9.0,5.22,53.1,8.06,7.72,5.23,41.1515,91.150002
1975-04-01,76460.0,8.8,5.49,53.0,8.23,7.99,5.61,41.246,87.300003
1975-03-01,76648.0,8.6,5.54,52.8,7.73,7.3,5.49,41.2135,83.360001
1975-02-01,76918.0,8.1,6.24,52.6,7.39,7.11,5.5,41.6602,81.589996
1975-01-01,77293.0,8.1,7.13,52.3,7.5,7.41,6.26,42.6409,76.980003
1974-12-01,77652.0,7.2,8.53,51.9,7.43,7.31,7.15,43.234,68.559998
1974-11-01,78265.0,6.6,9.45,51.5,7.68,7.68,7.47,44.8209,69.970001
1974-10-01,78630.0,6.0,10.06,51.0,7.9,7.97,7.46,46.3401,73.900002
1974-09-01,78610.0,5.9,11.34,50.6,8.04,8.37,8.06,46.5136,63.540001000000004
1974-08-01,78619.0,5.5,12.01,49.9,8.04,8.63,8.96,46.4907,72.150002
1974-07-01,78636.0,5.5,12.92,49.3,7.81,8.38,7.55,46.9464,79.309998
1974-06-01,78604.0,5.4,11.93,49.0,7.54,8.1,7.9,46.9233,86.0
1974-05-01,78549.0,5.1,11.31,48.6,7.58,8.18,8.23,46.9743,87.279999
1974-04-01,78382.0,5.1,10.51,48.1,7.51,7.92,8.33,46.6069,90.309998
1974-03-01,78296.0,5.1,9.35,47.8,7.21,7.31,7.96,46.7685,93.980003
1974-02-01,78254.0,5.2,8.97,47.3,6.96,6.82,7.12,46.7538,96.220001
1974-01-01,78100.0,5.1,9.65,46.8,6.99,6.95,7.77,46.8994,96.57
1973-12-01,78031.0,4.9,9.95,46.3,6.74,6.8,7.45,47.2315,97.550003
1973-11-01,77920.0,4.8,10.03,45.9,6.73,6.92,7.83,47.3445,95.959999
1973-10-01,77607.0,4.6,10.01,45.6,6.79,6.77,7.22,47.0954,108.290001
1973-09-01,77276.0,4.8,10.78,45.2,7.09,7.05,8.29,46.7803,108.43
1973-08-01,77168.0,4.8,10.5,45.0,7.4,7.63,8.67,46.3648,104.25
1973-07-01,76913.0,4.8,10.4,44.2,7.13,7.33,8.01,46.4421,108.220001
1973-06-01,76887.0,4.9,8.49,44.2,6.9,6.69,7.19,46.2509,104.260002
1973-05-01,76648.0,4.9,7.84,43.9,6.85,6.8,6.36,46.2192,104.949997
1973-04-01,76455.0,5.0,7.12,43.7,6.67,6.67,6.26,45.9237,106.970001
1973-03-01,76284.0,4.9,7.09,43.4,6.71,6.8,6.09,45.9872,111.519997
1973-02-01,76014.0,5.0,6.58,43.0,6.64,6.6,5.6,45.9656,111.68
1973-01-01,75617.0,4.9,5.94,42.7,6.46,6.34,5.41,45.2942,116.029999
1972-12-01,75268.0,5.2,5.33,42.5,6.36,6.16,5.07,45.0015,118.050003
1972-11-01,74973.0,5.3,5.06,42.4,6.28,6.12,4.78,44.4919,116.66999799999999
1972-10-01,74674.0,5.6,5.04,42.2,6.48,6.18,4.74,43.9718,111.58000200000001
1972-09-01,74264.0,5.5,4.87,42.1,6.55,6.25,4.66,43.3918,110.550003
1972-08-01,74141.0,5.6,4.8,41.9,6.21,6.02,4.02,43.0629,111.089996
1972-07-01,73709.0,5.6,4.55,41.8,6.11,5.97,3.98,42.498,107.389999
1972-06-01,73758.0,5.7,4.46,41.7,6.11,5.91,3.91,42.5166,107.139999
1972-05-01,73469.0,5.7,4.27,41.6,6.13,5.85,3.69,42.3963,109.529999
1972-04-01,73162.0,5.7,4.17,41.5,6.19,6.17,3.71,42.4183,107.66999799999999
1972-03-01,72944.0,5.8,3.83,41.4,6.07,5.87,3.73,41.9746,107.199997
1972-02-01,72648.0,5.7,3.29,41.4,6.08,5.69,3.2,41.6865,106.57
1972-01-01,72441.0,5.8,3.5,41.2,5.95,5.59,3.38,41.2876,103.940002
1971-12-01,72109.0,6.0,4.14,41.1,5.93,5.69,4.01,40.3177,102.089996
1971-11-01,71847.0,6.0,4.91,41.0,5.81,5.78,4.22,39.8576,93.989998
1971-10-01,71642.0,5.8,5.2,40.9,5.93,5.93,4.46,39.6891,94.230003
1971-09-01,71614.0,6.0,5.55,40.8,6.14,6.14,4.69,39.3942,98.339996
1971-08-01,71373.0,6.1,5.56,40.7,6.58,6.55,4.94,38.7642,99.029999
1971-07-01,71315.0,6.0,5.31,40.6,6.73,6.85,5.4,38.9905,95.58000200000001
1971-06-01,71254.0,5.9,4.91,40.5,6.52,6.53,4.75,39.104,98.699997
1971-05-01,71247.0,5.9,4.63,40.3,6.39,6.28,4.14,38.9407,99.629997
1971-04-01,71036.0,5.9,4.15,40.1,5.83,5.65,3.86,38.7441,103.949997
1971-03-01,70860.0,6.0,3.71,40.0,5.7,5.0,3.38,38.5278,100.309998
1971-02-01,70807.0,5.9,3.72,39.9,6.11,5.56,3.7,38.5695,96.75
1971-01-01,70865.0,5.9,4.14,39.9,6.24,5.89,4.44,38.6432,95.879997
1970-12-01,70792.0,6.1,4.9,39.8,6.39,5.95,4.87,38.3482,92.150002
1970-11-01,70409.0,5.9,5.6,39.6,6.84,6.47,5.28,37.4873,87.199997
1970-10-01,70521.0,5.5,6.2,39.4,7.33,7.12,5.91,37.7157,83.25
1970-09-01,70944.0,5.4,6.29,39.2,7.39,7.29,6.12,38.4856,84.300003
1970-08-01,70937.0,5.1,6.61,39.0,7.53,7.57,6.41,38.7527,81.519997
1970-07-01,71053.0,5.0,7.21,38.9,7.46,7.59,6.45,38.8219,78.050003
1970-06-01,71029.0,4.9,7.6,38.8,7.84,7.85,6.68,38.7269,72.720001
1970-05-01,71124.0,4.8,7.94,38.6,7.91,7.97,6.84,38.8525,76.550003
1970-04-01,71348.0,4.6,8.1,38.5,7.39,7.5,6.51,38.8979,81.519997
1970-03-01,71451.0,4.4,7.76,38.3,7.07,7.21,6.63,38.9981,89.629997
1970-02-01,71305.0,4.2,8.98,38.1,7.24,7.82,7.13,39.0488,89.5
1970-01-01,71176.0,3.9,8.98,37.9,7.79,8.17,7.87,39.0746,85.019997
1969-12-01,71241.0,3.5,8.97,37.7,7.65,7.96,7.82,39.8118,92.059998
1969-11-01,71086.0,3.5,8.85,37.5,7.14,7.53,7.24,39.9189,93.809998
1969-10-01,71121.0,3.7,9.0,37.3,7.1,7.51,7.0,40.2988,97.120003
1969-09-01,70914.0,3.7,9.15,37.1,7.16,7.57,7.09,40.287,93.120003
1969-08-01,71008.0,3.5,9.19,36.9,6.69,7.03,6.98,40.2961,95.510002
1969-07-01,70729.0,3.5,8.61,36.8,6.72,7.01,7.0,40.2037,91.83000200000001
1969-06-01,70636.0,3.5,8.9,36.6,6.57,6.75,6.44,39.9925,97.709999
1969-05-01,70328.0,3.4,8.67,36.4,6.32,6.54,6.04,39.6056,103.459999
1969-04-01,70072.0,3.4,7.41,36.3,6.17,6.3,6.11,39.7559,103.690002
1969-03-01,69905.0,3.4,6.79,36.1,6.3,6.41,6.02,39.9027,101.510002
1969-02-01,69699.0,3.4,6.61,35.8,6.19,6.34,6.12,39.5922,98.129997
1969-01-01,69439.0,3.4,6.3,35.7,6.04,6.25,6.14,39.3405,103.010002
1968-12-01,69248.0,3.4,6.02,35.6,6.03,6.12,5.96,39.1039,103.860001
1968-11-01,68984.0,3.4,5.82,35.4,5.7,5.66,5.45,38.9808,108.370003
1968-10-01,68721.0,3.4,5.91,35.3,5.58,5.55,5.35,38.483,103.410004
1968-09-01,68484.0,3.4,5.78,35.1,5.46,5.48,5.19,38.4068,102.66999799999999
1968-08-01,68330.0,3.5,6.03,35.0,5.42,5.5,5.09,38.2619,98.860001
1968-07-01,68126.0,3.7,6.02,34.9,5.5,5.6,5.31,38.1554,97.739998
1968-06-01,67905.0,3.7,6.07,34.7,5.72,5.85,5.52,38.214,99.58000200000001
1968-05-01,67652.0,3.5,6.11,34.5,5.87,6.04,5.66,38.0741,98.68
1968-04-01,67556.0,3.5,5.76,34.4,5.64,5.69,5.38,37.6518,97.459999
1968-03-01,67295.0,3.7,5.05,34.3,5.74,5.76,5.17,37.5974,90.199997
1968-02-01,67215.0,3.8,4.71,34.2,5.56,5.59,4.98,37.4804,89.360001
1968-01-01,66804.0,3.7,4.6,34.1,5.53,5.54,5.0,37.3465,92.239998
1967-12-01,66900.0,3.8,4.51,34.0,5.7,5.75,4.97,37.3868,96.470001
1967-11-01,66703.0,3.9,4.13,33.9,5.75,5.78,4.73,36.9884,94.0
1967-10-01,66225.0,4.0,3.88,33.7,5.48,5.57,4.56,36.4669,93.300003
1967-09-01,66164.0,3.8,3.99,33.6,5.3,5.4,4.42,36.1723,96.709999
1967-08-01,66143.0,3.8,3.9,33.5,5.28,5.31,4.27,36.2311,93.639999
1967-07-01,65888.0,3.8,3.79,33.4,5.16,5.23,4.21,35.55,94.75
1967-06-01,65750.0,3.9,3.98,33.3,5.02,5.01,3.54,35.6311,90.639999
1967-05-01,65620.0,3.8,3.94,33.1,4.85,4.75,3.6,35.6356,89.08000200000001
1967-04-01,65466.0,3.8,4.05,33.1,4.59,4.51,3.84,35.9492,94.010002
1967-03-01,65530.0,3.8,4.53,33.0,4.54,4.54,4.26,35.6133,90.199997
1967-02-01,65429.0,3.8,5.0,33.0,4.63,4.74,4.56,35.8152,86.779999
1967-01-01,65407.0,3.9,4.94,32.9,4.58,4.7,4.72,36.2261,86.610001
1966-12-01,65199.0,3.8,5.4,32.92,4.84,5.0,4.96,36.056,80.33000200000001
1966-11-01,65019.0,3.6,5.76,32.88,5.16,5.36,5.32,35.9729,80.449997
1966-10-01,64854.0,3.7,5.53,32.85,5.01,5.27,5.35,36.2221,80.199997
1966-09-01,64643.0,3.7,5.4,32.75,5.18,5.5,5.37,35.9729,76.559998
1966-08-01,64507.0,3.8,5.53,32.65,5.22,5.5,4.96,35.6406,77.099998
1966-07-01,64301.0,3.8,5.3,32.45,5.02,5.17,4.8,35.6129,83.599998
1966-06-01,64111.0,3.8,5.17,32.38,4.81,4.97,4.5,35.4191,84.739998
1966-05-01,63712.0,3.9,4.9,32.35,4.78,4.89,4.64,35.2529,86.129997
1966-04-01,63437.0,3.8,4.67,32.28,4.75,4.83,4.62,34.9206,91.059998
1966-03-01,63192.0,3.8,4.65,32.18,4.87,4.92,4.59,34.8652,89.230003
1966-02-01,62796.0,3.8,4.6,32.08,4.83,4.98,4.65,34.3945,91.220001
1966-01-01,62529.0,4.0,4.42,31.88,4.61,4.86,4.59,34.1729,92.879997
1965-12-01,62322.0,4.0,4.32,31.85,4.62,4.72,4.38,33.8406,92.43
1965-11-01,61996.0,4.1,4.1,31.75,4.45,4.46,4.09,33.4252,91.610001
1965-10-01,61719.0,4.2,4.08,31.65,4.35,4.34,4.03,33.2868,92.41999799999999
1965-09-01,61490.0,4.3,4.01,31.62,4.29,4.25,3.92,32.9544,89.959999
1965-08-01,61228.0,4.4,4.12,31.55,4.25,4.2,3.84,32.8713,87.16999799999999
1965-07-01,60965.0,4.4,4.09,31.58,4.2,4.15,3.84,32.7329,85.25
1965-06-01,60690.0,4.6,4.04,31.61,4.21,4.15,3.8,32.4283,84.120003
1965-05-01,60491.0,4.6,4.1,31.48,4.21,4.15,3.89,32.179,88.41999799999999
1965-04-01,60259.0,4.8,4.09,31.38,4.2,4.15,3.93,31.9298,89.110001
1965-03-01,60003.0,4.7,4.04,31.31,4.21,4.15,3.93,31.7913,86.160004
1965-02-01,59800.0,5.1,3.98,31.28,4.21,4.15,3.93,31.376,87.43
1965-01-01,59582.0,4.9,3.9,31.28,4.19,4.1,3.81,31.1821,87.559998
1964-12-01,59421.0,5.0,3.85,31.25,4.18,4.09,3.84,30.8498,84.75
1964-11-01,59218.0,4.8,3.52,31.21,4.15,4.04,3.64,30.4898,84.41999799999999
1964-10-01,58793.0,5.1,3.36,31.12,4.19,4.07,3.57,29.5759,84.860001
1964-09-01,58903.0,5.1,3.45,31.08,4.2,4.08,3.53,29.9913,84.18
1964-08-01,58619.0,5.0,3.5,31.05,4.19,4.05,3.5,29.8805,81.83000200000001
1964-07-01,58412.0,4.9,3.42,31.02,4.19,4.03,3.46,29.6867,83.18
1964-06-01,58219.0,5.2,3.5,31.01,4.17,4.02,3.48,29.4928,81.690002
1964-05-01,58089.0,5.1,3.5,30.98,4.2,4.05,3.48,29.4098,80.370003
1964-04-01,57922.0,5.3,3.47,30.95,4.23,4.15,3.47,29.2436,79.459999
1964-03-01,57897.0,5.4,3.43,30.94,4.22,4.14,3.54,28.7728,78.980003
1964-02-01,57753.0,5.4,3.48,30.91,4.15,4.03,3.53,28.7728,77.800003
1964-01-01,57487.0,5.6,3.48,30.94,4.17,4.07,3.52,28.579,77.040001
1963-12-01,57361.0,5.5,3.38,30.88,4.13,4.04,3.52,28.3297,75.019997
1963-11-01,57255.0,5.7,3.48,30.78,4.12,4.01,3.52,28.3851,73.230003
1963-10-01,57283.0,5.5,3.5,30.75,4.11,3.97,3.45,28.2466,74.010002
1963-09-01,57078.0,5.5,3.48,30.72,4.08,3.96,3.38,28.0528,71.699997
1963-08-01,56910.0,5.4,3.49,30.75,4.0,3.89,3.32,27.7759,72.5
1963-07-01,56794.0,5.6,3.02,30.69,4.02,3.89,3.18,27.7205,69.129997
1963-06-01,56659.0,5.6,2.99,30.61,3.99,3.81,2.99,27.8313,69.370003
1963-05-01,56616.0,5.9,3.0,30.51,3.93,3.72,2.93,27.7482,70.800003
1963-04-01,56580.0,5.7,2.9,30.48,3.97,3.74,2.9,27.4159,69.800003
1963-03-01,56320.0,5.7,2.98,30.51,3.93,3.68,2.89,27.1666,66.57
1963-02-01,56230.0,5.9,3.0,30.48,3.92,3.66,2.92,27.0005,64.290001
1963-01-01,56115.0,5.7,2.92,30.44,3.83,3.58,2.91,26.6958,66.199997
1962-12-01,56028.0,5.5,2.93,30.38,3.86,3.56,2.87,26.502,63.099998
1962-11-01,56056.0,5.7,2.94,30.38,3.92,3.6,2.83,26.502,62.259997999999996
1962-10-01,56041.0,5.4,2.9,30.38,3.93,3.64,2.74,26.3912,56.52
1962-09-01,55978.0,5.6,2.9,30.42,3.98,3.7,2.78,26.3635,56.27
1962-08-01,55838.0,5.7,2.93,30.28,3.98,3.71,2.82,26.1974,59.119999
1962-07-01,55746.0,5.4,2.71,30.22,4.01,3.8,2.92,26.1697,58.23
1962-06-01,55644.0,5.5,2.68,30.21,3.91,3.64,2.73,25.9205,54.75
1962-05-01,55628.0,5.5,2.36,30.24,3.87,3.66,2.69,25.9758,59.630001
1962-04-01,55602.0,5.6,2.78,30.21,3.84,3.6,2.73,26.0035,65.239998
1962-03-01,55275.0,5.6,2.85,30.17,3.93,3.68,2.72,25.9482,69.550003
1962-02-01,55188.0,5.5,2.37,30.11,4.04,3.89,2.73,25.8097,69.959999
1962-01-01,54891.0,5.8,2.15,30.04,4.08,3.94,2.72,25.3943,68.839996
1961-12-01,54872.0,6.0,2.33,30.01,4.06,3.91,2.6,25.6158,71.550003
1961-11-01,54742.0,6.1,2.61,29.98,3.94,3.82,2.48,25.3943,71.32
1961-10-01,54522.0,6.5,2.26,29.98,3.92,3.8,2.3,25.0066,68.620003
1961-09-01,54388.0,6.7,1.88,29.98,3.98,3.9,2.28,24.5358,66.730003
1961-08-01,54298.0,6.6,2.0,29.94,4.04,3.96,2.39,24.5635,68.07
1961-07-01,54123.0,7.0,1.17,29.92,3.92,3.84,2.24,24.342,66.760002
1961-06-01,53977.0,6.9,1.73,29.84,3.88,3.81,2.33,24.065,64.639999
1961-05-01,53786.0,7.1,1.98,29.84,3.71,3.47,2.29,23.7327,66.559998
1961-04-01,53627.0,7.0,1.49,29.81,3.78,3.57,2.29,23.3727,65.309998
1961-03-01,53659.0,6.9,2.02,29.84,3.74,3.6,2.39,22.902,65.059998
1961-02-01,53557.0,6.9,2.54,29.84,3.78,3.66,2.42,22.7635,63.439999
1961-01-01,53683.0,6.6,1.45,29.84,3.84,3.67,2.24,22.7912,61.779999
1960-12-01,53742.0,6.6,1.98,29.81,3.84,3.67,2.25,22.7635,58.110001000000004
1960-11-01,53961.0,6.1,2.44,29.78,3.93,3.81,2.37,23.2066,55.540001000000004
1960-10-01,54142.0,6.1,2.47,29.75,3.89,3.76,2.3,23.5389,53.389998999999996
1960-09-01,54227.0,5.5,2.6,29.61,3.8,3.61,2.48,23.5666,53.52
1960-08-01,54272.0,5.6,2.98,29.61,3.8,3.62,2.3,23.8158,56.959998999999996
1960-07-01,54306.0,5.5,3.23,29.55,3.9,3.79,2.3,23.8435,55.509997999999996
1960-06-01,54348.0,5.4,3.32,29.61,4.15,4.12,2.46,23.9266,56.919998
1960-05-01,54475.0,5.1,3.85,29.57,4.35,4.49,3.29,24.2312,55.830002
1960-04-01,54813.0,5.2,3.92,29.54,4.28,4.29,3.23,24.2589,54.369999
1960-03-01,54454.0,5.4,3.84,29.41,4.25,4.31,3.31,24.4528,55.34
1960-02-01,54513.0,4.8,3.97,29.41,4.49,4.69,3.96,24.6743,56.119999
1960-01-01,54274.0,5.2,3.99,29.37,4.72,4.92,4.35,24.8958,55.610001000000004
1959-12-01,54174.0,5.3,3.99,29.41,4.69,5.01,4.49,24.2589,59.889998999999996
1959-11-01,53634.0,5.8,4.0,29.35,4.53,4.75,4.15,22.8466,58.279999
1959-10-01,53358.0,5.7,3.98,29.35,4.53,4.72,4.05,22.7081,57.52
1959-09-01,53428.0,5.5,3.76,29.25,4.68,4.9,4.04,22.8743,56.880001
1959-08-01,53336.0,5.2,3.5,29.18,4.43,4.57,3.38,22.9019,59.599998
1959-07-01,53804.0,5.1,3.47,29.15,4.4,4.58,3.2,23.705,60.509997999999996
1959-06-01,53681.0,5.0,3.39,29.11,4.34,4.5,3.21,24.2866,58.470001
1959-05-01,53550.0,5.1,2.9,29.04,4.31,4.35,2.84,24.2589,58.68
1959-04-01,53321.0,5.2,2.96,28.98,4.12,4.12,2.95,23.8989,57.59
1959-03-01,53014.0,5.6,2.8,28.97,3.99,3.99,2.8,23.4004,55.439999
1959-02-01,52688.0,5.9,2.43,29.0,3.96,3.96,2.7,23.0681,55.41
1959-01-01,52478.0,6.0,2.48,29.01,4.02,4.01,2.82,22.625,55.450001
1958-12-01,52085.0,6.2,2.42,28.97,3.86,3.82,2.77,22.2927,55.209998999999996
1958-11-01,51944.0,6.2,2.27,28.95,3.74,3.7,2.67,22.265,52.48
1958-10-01,51485.0,6.7,1.8,28.91,3.8,3.78,2.63,21.6281,51.330002
1958-09-01,51506.0,7.1,1.76,28.91,3.76,3.69,2.44,21.3788,50.060001
1958-08-01,51233.0,7.4,1.53,28.94,3.54,3.29,1.69,21.185,47.75
1958-07-01,51039.0,7.5,0.68,28.89,3.2,2.77,0.91,20.7696,47.189999
1958-06-01,50914.0,7.3,0.93,28.91,2.97,2.46,0.83,20.465,45.240002000000004
1958-05-01,50914.0,7.4,0.63,28.94,2.92,2.41,0.91,19.9388,44.09
1958-04-01,51027.0,7.4,1.26,28.94,2.88,2.46,1.13,19.745,43.439999
1958-03-01,51299.0,6.7,1.2,28.87,2.98,2.64,1.3,20.0773,42.099998
1958-02-01,51576.0,6.4,1.67,28.7,3.05,2.78,1.53,20.3265,40.84
1958-01-01,52076.0,5.8,2.72,28.64,3.09,2.88,2.44,20.7696,41.700001
1957-12-01,52384.0,5.2,2.98,28.47,3.21,3.08,3.04,21.1573,39.990002000000004
1957-11-01,52558.0,5.1,3.28,28.41,3.72,3.72,3.31,21.5727,41.720001
1957-10-01,52763.0,4.5,3.5,28.32,3.97,4.08,3.58,22.0988,41.060001
1957-09-01,52934.0,4.4,3.47,28.32,3.92,4.03,3.53,22.4312,42.419998
1957-08-01,53128.0,4.1,3.24,28.28,3.93,4.0,3.37,22.625,45.220001
1957-07-01,53123.0,4.2,2.99,28.19,3.93,4.0,3.16,22.625,47.91
1957-06-01,53067.0,4.3,3.0,28.11,3.8,3.83,3.29,22.4866,47.369999
1957-05-01,53150.0,4.1,3.0,28.0,3.6,3.64,3.06,22.4312,47.43
1957-04-01,53238.0,3.9,3.0,27.93,3.48,3.53,3.07,22.5142,45.740002000000004
1957-03-01,53156.0,3.7,2.96,27.86,3.41,3.46,3.08,22.8189,44.110001000000004
1957-02-01,53097.0,3.9,3.0,27.8,3.34,3.39,3.1,22.8466,43.259997999999996
1957-01-01,52887.0,4.2,2.84,27.67,3.46,3.47,3.11,22.625,44.720001
1956-12-01,52929.0,4.2,2.94,27.63,3.59,3.7,3.21,22.7081,46.669998
1956-11-01,52821.0,4.3,2.88,27.51,3.49,3.56,2.99,22.3758,45.080002
1956-10-01,52777.0,3.9,2.96,27.51,3.34,3.4,2.9,22.5696,45.580002
1956-09-01,52604.0,3.9,2.95,27.35,3.38,3.47,2.84,22.3758,45.349998
1956-08-01,52631.0,4.1,2.73,27.31,3.33,3.41,2.6,21.8773,47.509997999999996
1956-07-01,51955.0,4.4,2.75,27.29,3.11,3.12,2.31,21.0188,49.389998999999996
1956-06-01,52586.0,4.3,2.71,27.15,3.0,2.97,2.49,21.6835,46.970001
1956-05-01,52506.0,4.3,2.75,27.03,3.07,3.08,2.61,21.8773,45.200001
1956-04-01,52375.0,4.0,2.62,26.93,3.18,3.2,2.6,22.0712,48.380001
1956-03-01,52294.0,4.2,2.5,26.89,2.96,2.93,2.25,21.905,48.48
1956-02-01,52167.0,3.9,2.5,26.86,2.84,2.74,2.32,21.905,45.34
1956-01-01,51975.0,4.0,2.45,26.83,2.9,2.84,2.41,22.0988,43.82
1955-12-01,51805.0,4.2,2.48,26.87,2.96,2.93,2.54,21.9604,45.48
1955-11-01,51592.0,4.2,2.35,26.88,2.89,2.81,2.24,21.8773,45.509997999999996
1955-10-01,51429.0,4.3,2.24,26.82,2.88,2.76,2.23,21.8219,42.34
1955-09-01,51266.0,4.1,2.18,26.85,2.97,2.85,2.07,21.4619,43.669998
1955-08-01,51111.0,4.2,1.96,26.72,2.97,2.86,1.9,21.3234,43.18
1955-07-01,50987.0,4.0,1.68,26.76,2.9,2.72,1.6,21.3511,43.52
1955-06-01,50790.0,4.2,1.64,26.71,2.78,2.59,1.41,21.185,41.029999
1955-05-01,50512.0,4.3,1.43,26.77,2.76,2.56,1.45,21.1573,37.91
1955-04-01,50248.0,4.7,1.43,26.79,2.75,2.55,1.59,20.825,37.959998999999996
1955-03-01,49962.0,4.6,1.35,26.79,2.68,2.48,1.28,20.5757,36.580002
1955-02-01,49644.0,4.7,1.29,26.82,2.65,2.38,1.17,20.105,36.759997999999996
1955-01-01,49496.0,4.9,1.39,26.77,2.61,2.32,1.22,19.8557,36.630001
1954-12-01,49331.0,5.0,1.28,26.77,2.51,2.16,1.15,19.4126,35.98
1954-11-01,49180.0,5.3,0.83,26.78,2.48,2.09,0.93,19.1634,34.240002000000004
1954-10-01,48942.0,5.7,0.85,26.72,2.43,2.02,0.98,18.8588,31.68
1954-09-01,48886.0,6.1,1.06,26.81,2.38,1.96,1.01,18.6372,32.310001
1954-08-01,48826.0,6.0,1.22,26.85,2.36,1.9,0.92,18.6095,29.83
1954-07-01,48835.0,5.8,0.8,26.86,2.3,1.85,0.72,18.6372,30.879998999999998
