,Date,Non-farm_Payrolls,Civilian_Unemployment_Rate,Effective_Fed_Funds,CPI_All_Items,10Y_Treasury_Rate,5Y_Treasury_Rate,3_Month_T-Bill_Rate,IPI,House_price_index
0,2020-01-01,152212.0,3.6,1.55,258.82,1.76,1.56,1.52,108.9993,214.658
1,2019-12-01,151998.0,3.5,1.55,258.444,1.86,1.68,1.54,109.5587,213.59099999999998
2,2019-11-01,151814.0,3.5,1.55,257.824,1.81,1.64,1.54,110.026,212.68
3,2019-10-01,151553.0,3.6,1.83,257.229,1.71,1.53,1.65,109.0103,211.761
4,2019-09-01,151368.0,3.5,2.04,256.593,1.7,1.57,1.89,109.4725,210.907
5,2019-08-01,151160.0,3.7,2.13,256.294,1.63,1.49,1.95,109.8543,210.149
6,2019-07-01,150953.0,3.7,2.4,256.087,2.06,1.83,2.1,109.0852,209.42
7,2019-06-01,150759.0,3.7,2.38,255.402,2.07,1.83,2.17,109.2774,209.03799999999998
8,2019-05-01,150577.0,3.6,2.39,255.167,2.4,2.19,2.35,109.2264,208.718
9,2019-04-01,150492.0,3.6,2.42,254.943,2.53,2.33,2.38,108.9888,208.24400000000003
10,2019-03-01,150282.0,3.8,2.41,254.095,2.57,2.37,2.4,109.6811,207.64
11,2019-02-01,150135.0,3.8,2.4,253.181,2.68,2.49,2.39,109.5631,207.077
12,2019-01-01,150134.0,4.0,2.4,252.55,2.71,2.54,2.37,110.1185,206.592
13,2018-12-01,149865.0,3.9,2.27,252.653,2.83,2.68,2.37,110.5516,206.084
14,2018-11-01,149683.0,3.7,2.2,252.662,3.12,2.95,2.33,110.5067,205.674
15,2018-10-01,149549.0,3.8,2.19,252.777,3.15,3.0,2.25,109.9165,205.15
16,2018-09-01,149348.0,3.7,1.95,252.261,3.0,2.89,2.13,109.6749,204.36599999999999
17,2018-08-01,149268.0,3.8,1.91,251.905,2.89,2.77,2.03,109.5246,203.709
18,2018-07-01,149024.0,3.8,1.91,251.482,2.89,2.78,1.96,108.652,202.953
19,2018-06-01,148888.0,4.0,1.82,251.176,2.91,2.78,1.9,108.1707,202.399
20,2018-05-01,148669.0,3.8,1.7,250.64,2.98,2.82,1.86,107.3639,201.727
21,2018-04-01,148391.0,4.0,1.69,249.957,2.87,2.7,1.76,108.2223,201.049
22,2018-03-01,148254.0,4.0,1.51,249.413,2.84,2.63,1.7,107.2519,200.303
23,2018-02-01,148078.0,4.1,1.42,249.475,2.86,2.6,1.57,106.6419,199.417
24,2018-01-01,147672.0,4.1,1.41,248.816,2.58,2.38,1.41,106.2655,198.41400000000002
25,2017-12-01,147551.0,4.1,1.3,247.847,2.4,2.18,1.32,106.536,197.187
26,2017-11-01,147421.0,4.2,1.16,247.333,2.35,2.05,1.23,106.193,195.987
27,2017-10-01,147196.0,4.1,1.15,246.57,2.36,1.98,1.07,105.6287,194.85
28,2017-09-01,146929.0,4.2,1.15,246.445,2.2,1.8,1.03,104.0502,193.782
29,2017-08-01,146911.0,4.4,1.16,245.304,2.21,1.78,1.01,104.0475,192.678
30,2017-07-01,146727.0,4.3,1.15,244.328,2.32,1.87,1.07,104.5427,191.46
31,2017-06-01,146512.0,4.3,1.04,244.179,2.19,1.77,0.98,104.5849,190.571
32,2017-05-01,146296.0,4.4,0.91,243.926,2.3,1.84,0.89,104.4129,189.767
33,2017-04-01,146141.0,4.4,0.9,244.058,2.3,1.82,0.8,104.2721,188.93200000000002
34,2017-03-01,145944.0,4.4,0.79,243.721,2.48,2.01,0.74,103.343,188.192
35,2017-02-01,145815.0,4.6,0.66,244.028,2.42,1.9,0.52,102.6479,187.468
36,2017-01-01,145627.0,4.7,0.65,243.717,2.43,1.92,0.51,103.0366,186.93400000000003
37,2016-12-01,145442.0,4.7,0.54,242.712,2.49,1.96,0.51,102.9281,185.78900000000002
38,2016-11-01,145212.0,4.7,0.41,241.993,2.14,1.6,0.45,102.0507,184.81599999999997
39,2016-10-01,145061.0,4.9,0.4,241.641,1.76,1.27,0.33,102.2485,183.794
40,2016-09-01,144916.0,5.0,0.4,241.068,1.63,1.18,0.29,102.0477,182.847
41,2016-08-01,144647.0,4.9,0.4,240.595,1.56,1.13,0.3,102.0407,181.859
42,2016-07-01,144512.0,4.8,0.39,240.111,1.5,1.07,0.3,102.1325,180.835
43,2016-06-01,144158.0,4.9,0.38,240.144,1.64,1.17,0.27,101.8747,180.09900000000002
44,2016-05-01,143891.0,4.8,0.37,239.44,1.81,1.3,0.27,101.4298,179.486
45,2016-04-01,143849.0,5.0,0.37,238.835,1.81,1.26,0.23,101.5167,178.845
46,2016-03-01,143662.0,5.0,0.36,237.99,1.89,1.38,0.29,101.4155,178.248
47,2016-02-01,143433.0,4.9,0.38,237.514,1.78,1.22,0.31,102.2225,177.727
48,2016-01-01,143170.0,4.9,0.34,237.827,2.09,1.52,0.26,102.9525,177.364
49,2015-12-01,143097.0,5.0,0.24,237.761,2.24,1.7,0.23,102.1014,176.59799999999998
50,2015-11-01,142824.0,5.1,0.12,238.017,2.26,1.67,0.12,102.6866,175.778
51,2015-10-01,142587.0,5.0,0.12,237.733,2.07,1.39,0.02,103.3976,174.815
52,2015-09-01,142281.0,5.0,0.14,237.498,2.17,1.49,0.02,103.7768,173.838
53,2015-08-01,142126.0,5.1,0.14,238.033,2.17,1.54,0.07,104.1621,172.938
54,2015-07-01,142001.0,5.2,0.13,238.034,2.32,1.63,0.03,104.3243,172.12400000000002
55,2015-06-01,141699.0,5.3,0.13,237.657,2.36,1.68,0.02,103.7174,171.47299999999998
56,2015-05-01,141525.0,5.6,0.12,237.001,2.2,1.54,0.02,104.0742,170.923
57,2015-04-01,141194.0,5.4,0.12,236.222,1.94,1.35,0.02,104.5272,170.354
58,2015-03-01,140910.0,5.4,0.11,235.976,2.04,1.52,0.03,105.1464,169.861
59,2015-02-01,140839.0,5.5,0.11,235.342,1.98,1.47,0.02,105.4425,169.187
60,2015-01-01,140568.0,5.7,0.11,234.747,1.88,1.37,0.03,105.9806,168.707
61,2014-12-01,140377.0,5.6,0.12,236.252,2.21,1.64,0.03,106.5085,168.078
62,2014-11-01,140109.0,5.8,0.09,236.983,2.33,1.62,0.02,106.6634,167.34900000000002
63,2014-10-01,139818.0,5.7,0.09,237.43,2.3,1.55,0.02,105.8357,166.65099999999998
64,2014-09-01,139566.0,5.9,0.09,237.477,2.53,1.77,0.02,105.8138,165.912
65,2014-08-01,139257.0,6.1,0.09,237.46,2.42,1.63,0.03,105.4986,165.22
66,2014-07-01,139069.0,6.2,0.09,237.498,2.54,1.7,0.03,105.6157,164.577
67,2014-06-01,138837.0,6.1,0.1,237.231,2.6,1.68,0.04,105.4081,164.065
68,2014-05-01,138511.0,6.3,0.09,236.918,2.56,1.59,0.03,105.0152,163.684
69,2014-04-01,138293.0,6.2,0.09,236.468,2.71,1.7,0.03,104.6371,163.42
70,2014-03-01,137968.0,6.7,0.08,236.028,2.72,1.64,0.05,104.5889,163.11
71,2014-02-01,137714.0,6.7,0.07,235.547,2.71,1.52,0.05,103.5917,162.545
72,2014-01-01,137548.0,6.6,0.07,235.288,2.86,1.65,0.04,102.7216,161.958
73,2013-12-01,137373.0,6.7,0.09,234.719,2.9,1.58,0.07,103.1504,160.993
74,2013-11-01,137304.0,6.9,0.08,234.1,2.72,1.37,0.07,102.8379,160.06799999999998
75,2013-10-01,137040.0,7.2,0.09,233.669,2.62,1.37,0.05,102.5371,159.24200000000002
76,2013-09-01,136815.0,7.2,0.08,233.544,2.81,1.6,0.02,102.717,158.234
77,2013-08-01,136628.0,7.2,0.08,233.456,2.74,1.52,0.04,102.1907,156.97799999999998
78,2013-07-01,136386.0,7.3,0.09,232.9,2.58,1.4,0.04,101.5204,155.613
79,2013-06-01,136274.0,7.5,0.09,232.445,2.3,1.2,0.05,101.9549,154.203
80,2013-05-01,136093.0,7.5,0.11,231.893,1.93,0.84,0.04,101.7476,152.86
81,2013-04-01,135871.0,7.6,0.15,231.797,1.76,0.71,0.06,101.6364,151.523
82,2013-03-01,135680.0,7.5,0.14,232.282,1.96,0.82,0.09,101.8114,149.96
83,2013-02-01,135541.0,7.7,0.15,232.937,1.98,0.85,0.1,101.3995,147.778
84,2013-01-01,135263.0,8.0,0.14,231.679,1.91,0.81,0.07,100.8204,146.838
85,2012-12-01,135072.0,7.9,0.16,231.221,1.72,0.7,0.07,100.9542,145.507
86,2012-11-01,134833.0,7.7,0.16,231.249,1.65,0.67,0.09,100.5991,144.591
87,2012-10-01,134677.0,7.8,0.16,231.638,1.75,0.71,0.1,100.1167,143.60399999999998
88,2012-09-01,134518.0,7.8,0.14,231.015,1.72,0.67,0.11,99.9049,142.908
89,2012-08-01,134331.0,8.1,0.13,229.918,1.68,0.71,0.1,99.856,142.275
90,2012-07-01,134159.0,8.2,0.16,228.59,1.53,0.62,0.1,100.3354,141.664
91,2012-06-01,134007.0,8.2,0.16,228.524,1.62,0.71,0.09,100.0728,141.02700000000002
92,2012-05-01,133934.0,8.2,0.16,228.713,1.8,0.76,0.09,100.0924,140.155
93,2012-04-01,133834.0,8.2,0.14,229.187,2.05,0.89,0.08,99.9006,139.156
94,2012-03-01,133752.0,8.2,0.13,228.807,2.17,1.02,0.08,99.1551,137.906
95,2012-02-01,133512.0,8.3,0.1,228.329,1.97,0.83,0.09,99.6203,136.532
96,2012-01-01,133250.0,8.3,0.08,227.842,1.97,0.84,0.03,99.3925,136.60399999999998
97,2011-12-01,132896.0,8.5,0.07,227.223,1.98,0.89,0.01,98.7876,136.668
98,2011-11-01,132694.0,8.6,0.08,227.169,2.01,0.91,0.01,98.2433,137.14600000000002
99,2011-10-01,132562.0,8.8,0.07,226.75,2.15,1.06,0.02,98.3222,137.946
100,2011-09-01,132358.0,9.0,0.08,226.597,1.98,0.9,0.01,97.6494,138.66299999999998
101,2011-08-01,132125.0,9.0,0.1,226.106,2.3,1.02,0.02,97.6731,139.305
102,2011-07-01,131999.0,9.0,0.07,225.395,3.0,1.54,0.04,97.1292,139.726
103,2011-06-01,131939.0,9.1,0.09,224.806,3.0,1.58,0.04,96.6154,139.856
104,2011-05-01,131703.0,9.0,0.09,224.806,3.17,1.84,0.04,96.3377,139.899
105,2011-04-01,131602.0,9.1,0.1,224.093,3.46,2.17,0.06,96.1187,140.006
106,2011-03-01,131288.0,9.0,0.14,223.046,3.41,2.11,0.1,96.4643,139.982
107,2011-02-01,131053.0,9.0,0.16,221.898,3.58,2.26,0.13,95.5154,140.35399999999998
108,2011-01-01,130841.0,9.1,0.17,221.187,3.39,1.99,0.15,95.9364,141.525
109,2010-12-01,130822.0,9.3,0.18,220.472,3.29,1.93,0.14,96.0599,142.06
110,2010-11-01,130750.0,9.8,0.19,219.59,2.76,1.35,0.14,95.1383,142.17
111,2010-10-01,130625.0,9.4,0.19,219.035,2.54,1.18,0.13,95.1109,142.526
112,2010-09-01,130357.0,9.5,0.19,218.275,2.65,1.41,0.15,95.3637,143.013
113,2010-08-01,130422.0,9.5,0.19,217.923,2.7,1.47,0.16,95.1448,143.91
114,2010-07-01,130427.0,9.4,0.18,217.605,3.01,1.76,0.16,94.8536,144.987
115,2010-06-01,130511.0,9.4,0.18,217.199,3.2,2.0,0.12,94.4397,145.718
116,2010-05-01,130650.0,9.6,0.2,217.29,3.42,2.18,0.16,94.2997,146.392
117,2010-04-01,130110.0,9.9,0.2,217.403,3.85,2.58,0.16,92.9436,146.401
118,2010-03-01,129879.0,9.9,0.16,217.353,3.73,2.43,0.15,92.5993,145.857
119,2010-02-01,129698.0,9.8,0.13,217.281,3.69,2.36,0.11,91.994,145.631
120,2010-01-01,129790.0,9.8,0.11,217.488,3.73,2.48,0.06,91.6642,147.395
121,2009-12-01,129788.0,9.9,0.12,217.347,3.59,2.34,0.05,90.6132,147.935
122,2009-11-01,130057.0,9.9,0.12,217.234,3.4,2.23,0.05,90.3375,148.14
123,2009-10-01,130045.0,10.0,0.12,216.509,3.39,2.33,0.07,89.9797,147.85299999999998
124,2009-09-01,130244.0,9.8,0.15,215.861,3.4,2.37,0.12,89.6926,148.025
125,2009-08-01,130485.0,9.6,0.16,215.445,3.59,2.57,0.17,89.019,148.27700000000002
126,2009-07-01,130668.0,9.5,0.16,214.726,3.56,2.46,0.18,88.0323,148.412
127,2009-06-01,131008.0,9.5,0.21,214.79,3.72,2.71,0.18,87.0742,148.094
128,2009-05-01,131475.0,9.4,0.18,213.022,3.29,2.13,0.18,87.4155,147.701
129,2009-04-01,131817.0,9.0,0.15,212.709,2.93,1.86,0.16,88.3056,147.95600000000002
130,2009-03-01,132512.0,8.7,0.18,212.495,2.82,1.82,0.21,89.016,148.666
131,2009-02-01,133312.0,8.3,0.22,212.705,2.87,1.87,0.3,90.4502,150.02100000000002
132,2009-01-01,134055.0,7.8,0.15,211.933,2.52,1.6,0.13,91.0373,151.513
133,2008-12-01,134839.0,7.3,0.16,211.398,2.42,1.52,0.03,93.2521,153.623
134,2008-11-01,135545.0,6.8,0.39,213.153,3.53,2.29,0.19,96.0605,156.14700000000002
135,2008-10-01,136272.0,6.5,0.97,216.995,3.81,2.73,0.67,97.2832,158.333
136,2008-09-01,136753.0,6.1,1.81,218.877,3.69,2.88,1.13,96.3666,160.317
137,2008-08-01,137213.0,6.1,2.0,218.69,3.89,3.14,1.72,100.7353,161.999
138,2008-07-01,137491.0,5.8,2.01,219.016,4.01,3.3,1.63,102.3002,163.577
139,2008-06-01,137687.0,5.6,2.0,217.463,4.1,3.49,1.86,102.8445,165.025
140,2008-05-01,137858.0,5.4,1.98,215.208,3.88,3.15,1.73,103.0863,166.665
141,2008-04-01,138035.0,5.0,2.28,213.942,3.68,2.84,1.29,103.6704,168.343
142,2008-03-01,138275.0,5.1,2.61,213.448,3.51,2.48,1.26,104.4616,170.058
143,2008-02-01,138324.0,4.9,2.98,212.687,3.74,2.78,2.12,104.7094,171.545
144,2008-01-01,138403.0,5.0,3.94,212.174,3.74,2.98,2.75,105.0619,173.137
145,2007-12-01,138392.0,5.0,4.24,211.445,4.1,3.49,3.0,105.3457,174.347
146,2007-11-01,138284.0,4.7,4.49,210.834,4.15,3.67,3.27,105.3338,175.15400000000002
147,2007-10-01,138174.0,4.7,4.76,209.19,4.53,4.2,3.9,104.7171,176.63299999999998
148,2007-09-01,138095.0,4.7,4.94,208.547,4.52,4.2,3.89,105.1611,177.567
149,2007-08-01,138015.0,4.6,5.02,207.667,4.67,4.43,4.2,104.7556,178.12599999999998
150,2007-07-01,138038.0,4.7,5.26,207.603,5.0,4.88,4.82,104.5227,179.118
151,2007-06-01,138069.0,4.6,5.25,207.234,5.1,5.03,4.61,104.5617,180.26
152,2007-05-01,137993.0,4.4,5.25,206.755,4.75,4.67,4.73,104.5322,181.605
153,2007-04-01,137842.0,4.5,5.25,205.904,4.69,4.59,4.87,104.4814,183.014
154,2007-03-01,137793.0,4.4,5.26,205.288,4.56,4.48,4.94,103.7521,184.153
155,2007-02-01,137558.0,4.5,5.26,204.226,4.72,4.71,5.03,103.5264,184.601
156,2007-01-01,137477.0,4.6,5.25,203.437,4.76,4.75,4.98,102.4933,184.52
157,2006-12-01,137249.0,4.4,5.24,203.1,4.56,4.53,4.85,103.0292,184.143
158,2006-11-01,137063.0,4.5,5.25,202.0,4.6,4.58,4.94,101.9688,183.614
159,2006-10-01,136852.0,4.4,5.25,201.9,4.73,4.69,4.92,102.0668,183.205
160,2006-09-01,136843.0,4.5,5.25,202.8,4.72,4.67,4.81,102.1252,182.80599999999998
161,2006-08-01,136694.0,4.7,5.25,203.8,4.88,4.82,4.96,102.3327,182.602
162,2006-07-01,136520.0,4.7,5.24,202.9,5.09,5.04,4.95,101.9319,183.07299999999998
163,2006-06-01,136325.0,4.6,4.99,201.8,5.11,5.07,4.79,101.9693,183.511
164,2006-05-01,136244.0,4.6,4.94,201.3,5.11,5.0,4.72,101.579,184.158
165,2006-04-01,136205.0,4.7,4.79,200.7,4.99,4.9,4.6,101.6813,184.332
166,2006-03-01,136047.0,4.7,4.59,199.7,4.72,4.72,4.51,101.2751,184.37
167,2006-02-01,135737.0,4.8,4.49,199.4,4.57,4.57,4.43,101.0669,183.292
168,2006-01-01,135429.0,4.7,4.29,199.3,4.42,4.35,4.24,101.0627,182.325
169,2005-12-01,135149.0,4.9,4.16,198.1,4.47,4.39,3.89,100.9437,180.91400000000002
170,2005-11-01,134993.0,5.0,4.0,198.1,4.54,4.45,3.88,100.3216,179.685
171,2005-10-01,134655.0,5.0,3.78,199.1,4.46,4.33,3.71,99.3149,178.03
172,2005-09-01,134566.0,5.0,3.62,198.8,4.2,4.01,3.42,98.0779,176.43900000000002
173,2005-08-01,134498.0,4.9,3.5,196.1,4.26,4.12,3.44,99.9435,174.442
174,2005-07-01,134296.0,5.0,3.26,194.9,4.18,3.98,3.22,99.6692,172.86
175,2005-06-01,133942.0,5.0,3.04,193.7,4.0,3.77,2.97,99.9853,171.192
176,2005-05-01,133690.0,5.1,3.0,193.6,4.14,3.85,2.84,99.6033,169.354
177,2005-04-01,133518.0,5.2,2.79,193.7,4.34,4.0,2.78,99.4734,167.50599999999997
178,2005-03-01,133156.0,5.2,2.63,193.1,4.5,4.17,2.74,99.3061,165.81900000000002
179,2005-02-01,133032.0,5.4,2.5,192.4,4.17,3.77,2.54,99.4639,163.35
180,2005-01-01,132774.0,5.3,2.28,191.6,4.22,3.71,2.33,98.7845,161.293
181,2004-12-01,132624.0,5.4,2.16,191.7,4.23,3.6,2.19,98.3318,159.333
182,2004-11-01,132503.0,5.4,1.93,191.7,4.19,3.53,2.07,97.6137,157.529
183,2004-10-01,132447.0,5.5,1.76,190.8,4.1,3.35,1.76,97.4094,155.753
184,2004-09-01,132093.0,5.4,1.61,189.8,4.13,3.36,1.65,96.4907,154.18
185,2004-08-01,131937.0,5.4,1.43,189.2,4.28,3.47,1.48,96.4095,152.635
186,2004-07-01,131848.0,5.5,1.26,189.1,4.5,3.69,1.33,96.3385,151.338
187,2004-06-01,131793.0,5.6,1.03,188.9,4.73,3.93,1.27,95.6019,149.851
188,2004-05-01,131694.0,5.6,1.0,188.2,4.72,3.85,1.02,96.3966,148.186
189,2004-04-01,131411.0,5.6,1.0,187.4,4.35,3.39,0.94,95.6385,146.594
190,2004-03-01,131142.0,5.8,1.0,187.1,3.83,2.79,0.94,95.2088,145.063
191,2004-02-01,130825.0,5.6,1.01,186.7,4.08,3.07,0.93,95.6847,143.195
192,2004-01-01,130769.0,5.7,1.0,186.3,4.15,3.12,0.88,95.1085,141.65
193,2003-12-01,130588.0,5.7,0.98,185.5,4.27,3.27,0.9,94.8662,140.18200000000002
194,2003-11-01,130474.0,5.8,1.0,185.0,4.3,3.29,0.93,94.9338,138.797
195,2003-10-01,130454.0,6.0,1.01,184.9,4.29,3.19,0.92,94.2079,137.534
196,2003-09-01,130254.0,6.1,1.01,185.1,4.27,3.18,0.94,94.0751,136.296
197,2003-08-01,130149.0,6.1,1.03,184.5,4.45,3.37,0.95,93.5246,134.969
198,2003-07-01,130191.0,6.2,1.01,183.7,3.98,2.87,0.9,93.6582,133.77700000000002
199,2003-06-01,130194.0,6.3,1.22,183.1,3.33,2.27,0.92,93.2476,132.65
200,2003-05-01,130196.0,6.1,1.26,182.9,3.57,2.52,1.07,93.0918,131.737
201,2003-04-01,130177.0,6.0,1.26,183.2,3.96,2.93,1.13,93.0657,130.887
202,2003-03-01,130232.0,5.9,1.25,183.9,3.81,2.78,1.13,93.7358,130.151
203,2003-02-01,130444.0,5.9,1.26,183.6,3.9,2.9,1.17,93.9532,129.357
204,2003-01-01,130580.0,5.8,1.24,182.6,4.05,3.05,1.17,93.8198,128.46200000000002
205,2002-12-01,130472.0,6.0,1.24,181.8,4.03,3.03,1.19,93.1103,127.618
206,2002-11-01,130615.0,5.9,1.34,181.5,4.05,3.05,1.23,93.5693,126.667
207,2002-10-01,130628.0,5.7,1.75,181.2,3.94,2.95,1.58,93.0834,125.734
208,2002-09-01,130501.0,5.7,1.75,180.8,3.87,2.94,1.63,93.3654,124.779
209,2002-08-01,130587.0,5.7,1.74,180.5,4.26,3.29,1.62,93.2359,123.831
210,2002-07-01,130590.0,5.8,1.73,180.0,4.65,3.81,1.68,93.2237,122.889
211,2002-06-01,130684.0,5.8,1.75,179.6,4.93,4.19,1.7,93.4476,121.814
212,2002-05-01,130634.0,5.8,1.75,179.5,5.16,4.49,1.73,92.5668,120.727
213,2002-04-01,130623.0,5.9,1.75,179.3,5.21,4.65,1.71,92.1771,119.615
214,2002-03-01,130717.0,5.7,1.73,178.5,5.28,4.74,1.79,91.798,118.69
215,2002-02-01,130736.0,5.7,1.74,178.0,4.91,4.3,1.72,91.0553,117.84700000000001
216,2002-01-01,130852.0,5.7,1.73,177.7,5.04,4.34,1.65,91.0794,117.146
217,2001-12-01,130982.0,5.7,1.82,177.4,5.09,4.39,1.69,90.5073,116.45
218,2001-11-01,131142.0,5.5,2.09,177.5,4.65,3.97,1.87,90.486,115.85600000000001
219,2001-10-01,131454.0,5.3,2.49,177.6,4.57,3.91,2.16,90.9315,115.31
220,2001-09-01,131771.0,5.0,3.07,178.1,4.73,4.12,2.64,91.3289,114.81299999999999
221,2001-08-01,132028.0,4.9,3.65,177.4,4.97,4.57,3.36,91.6795,114.17
222,2001-07-01,132177.0,4.6,3.77,177.4,5.24,4.76,3.51,91.7933,113.494
223,2001-06-01,132299.0,4.5,3.97,177.7,5.28,4.81,3.49,92.3208,112.79700000000001
224,2001-05-01,132410.0,4.3,4.21,177.3,5.39,4.93,3.62,92.876,112.165
225,2001-04-01,132463.0,4.4,4.8,176.4,5.14,4.76,3.87,93.4469,111.65299999999999
226,2001-03-01,132747.0,4.3,5.31,176.1,4.89,4.64,4.42,93.7201,111.111
227,2001-02-01,132789.0,4.2,5.49,176.0,5.1,4.89,4.88,93.9398,110.50399999999999
228,2001-01-01,132698.0,4.2,5.98,175.6,5.16,4.86,5.15,94.5448,109.851
229,2000-12-01,132709.0,3.9,6.4,174.6,5.24,5.17,5.77,95.1573,109.135
230,2000-11-01,132556.0,3.9,6.51,174.2,5.72,5.7,6.17,95.4229,108.3
231,2000-10-01,132351.0,3.9,6.51,173.9,5.74,5.78,6.11,95.397,107.382
232,2000-09-01,132353.0,3.9,6.52,173.6,5.8,5.93,6.0,95.679,106.538
233,2000-08-01,132230.0,4.1,6.5,172.7,5.83,6.06,6.09,95.3112,105.76700000000001
234,2000-07-01,132236.0,4.0,6.54,172.7,6.05,6.18,5.96,95.5906,105.054
235,2000-06-01,132061.0,4.0,6.53,172.2,6.1,6.3,5.69,95.7353,104.42399999999999
236,2000-05-01,132105.0,4.0,6.27,171.2,6.44,6.69,5.79,95.6435,103.677
237,2000-04-01,131888.0,3.8,6.02,170.9,5.99,6.26,5.66,95.4808,102.92200000000001
238,2000-03-01,131596.0,4.0,5.85,171.0,6.26,6.5,5.69,94.798,102.12799999999999
239,2000-02-01,131124.0,4.1,5.73,170.0,6.52,6.68,5.55,94.4557,101.34100000000001
240,2000-01-01,131005.0,4.0,5.45,169.3,6.66,6.58,5.32,94.1758,100.555
241,1999-12-01,130772.0,4.0,5.3,168.8,6.28,6.19,5.2,94.1593,99.87200000000001
242,1999-11-01,130466.0,4.1,5.42,168.4,6.03,5.97,5.07,93.4371,99.185
243,1999-10-01,130177.0,4.1,5.2,168.1,6.11,6.03,4.86,92.9979,98.553
244,1999-09-01,129772.0,4.2,5.22,167.8,5.92,5.8,4.68,91.774,97.891
245,1999-08-01,129569.0,4.2,5.07,167.1,5.94,5.84,4.72,92.1629,97.24600000000001
246,1999-07-01,129414.0,4.3,4.99,166.7,5.79,5.68,4.55,91.7766,96.618
247,1999-06-01,129089.0,4.3,4.76,166.0,5.9,5.81,4.57,91.1994,96.00200000000001
248,1999-05-01,128808.0,4.2,4.74,166.0,5.54,5.44,4.5,91.352,95.37200000000001
249,1999-04-01,128597.0,4.3,4.74,165.9,5.18,5.08,4.29,90.7274,94.81299999999999
250,1999-03-01,128227.0,4.2,4.81,164.8,5.23,5.14,4.44,90.4819,94.244
251,1999-02-01,128120.0,4.4,4.76,164.7,5.0,4.91,4.44,90.3386,93.7
252,1999-01-01,127702.0,4.3,4.63,164.7,4.72,4.6,4.34,89.8594,93.235
253,1998-12-01,127596.0,4.4,4.68,164.4,4.65,4.45,4.39,89.4407,92.73299999999999
254,1998-11-01,127231.0,4.4,4.83,164.1,4.83,4.54,4.41,89.1098,92.22200000000001
255,1998-10-01,126954.0,4.5,5.07,163.9,4.53,4.18,3.96,89.1677,91.741
256,1998-09-01,126752.0,4.6,5.51,163.5,4.81,4.62,4.61,88.4515,91.28399999999999
257,1998-08-01,126544.0,4.5,5.55,163.4,5.34,5.27,4.9,88.6247,90.81200000000001
258,1998-07-01,126205.0,4.5,5.54,163.2,5.46,5.46,4.96,86.8423,90.336
259,1998-06-01,126076.0,4.5,5.56,162.8,5.5,5.52,4.98,87.145,89.87100000000001
260,1998-05-01,125844.0,4.4,5.49,162.6,5.65,5.63,5.0,87.6952,89.391
261,1998-04-01,125442.0,4.3,5.45,162.2,5.64,5.61,4.95,87.1411,88.90700000000001
262,1998-03-01,125164.0,4.7,5.49,162.0,5.65,5.61,5.03,86.8198,88.471
263,1998-02-01,125016.0,4.6,5.51,162.0,5.57,5.49,5.09,86.7612,88.036
264,1998-01-01,124812.0,4.6,5.56,162.0,5.54,5.42,5.04,86.6474,87.647
265,1997-12-01,124549.0,4.7,5.5,161.8,5.81,5.77,5.16,86.2047,87.118
266,1997-11-01,124235.0,4.6,5.52,161.7,5.88,5.8,5.14,85.9397,86.65799999999999
267,1997-10-01,123929.0,4.7,5.5,161.5,6.03,5.93,4.97,85.1918,86.17399999999999
268,1997-09-01,123585.0,4.9,5.54,161.2,6.21,6.11,4.95,84.4651,85.87799999999999
269,1997-08-01,123093.0,4.8,5.54,160.8,6.3,6.16,5.14,83.7214,85.601
270,1997-07-01,123111.0,4.9,5.52,160.4,6.22,6.12,5.05,82.8557,85.36
271,1997-06-01,122814.0,5.0,5.56,160.2,6.49,6.38,4.93,82.2285,85.109
272,1997-05-01,122546.0,4.9,5.5,159.9,6.71,6.57,5.05,81.8293,84.89
273,1997-04-01,122286.0,5.1,5.51,159.9,6.89,6.76,5.16,81.3531,84.649
274,1997-03-01,121990.0,5.2,5.39,159.8,6.69,6.54,5.14,81.334,84.47399999999999
275,1997-02-01,121675.0,5.2,5.19,159.7,6.42,6.2,5.01,80.793,84.204
276,1997-01-01,121363.0,5.3,5.25,159.4,6.58,6.33,5.03,79.8273,83.978
277,1996-12-01,121143.0,5.4,5.29,159.1,6.3,6.07,4.91,79.7143,83.744
278,1996-11-01,120961.0,5.4,5.31,158.7,6.2,5.97,5.03,79.1996,83.57600000000001
279,1996-10-01,120665.0,5.2,5.24,158.2,6.53,6.27,4.99,78.5065,83.40100000000001
280,1996-09-01,120410.0,5.2,5.3,157.7,6.83,6.6,5.09,78.5532,83.281
281,1996-08-01,120199.0,5.1,5.22,157.2,6.64,6.39,5.05,78.016,83.11200000000001
282,1996-07-01,120015.0,5.5,5.4,157.0,6.87,6.64,5.15,77.5662,82.95299999999999
283,1996-06-01,119769.0,5.3,5.27,156.7,6.91,6.69,5.09,77.6669,82.773
284,1996-05-01,119486.0,5.6,5.24,156.4,6.74,6.48,5.02,77.0161,82.62899999999999
285,1996-04-01,119158.0,5.6,5.22,156.1,6.51,6.3,4.95,76.4562,82.439
286,1996-03-01,118993.0,5.5,5.31,155.5,6.27,5.97,4.96,75.7631,82.214
287,1996-02-01,118739.0,5.5,5.22,155.0,5.81,5.38,4.83,75.8344,81.976
288,1996-01-01,118316.0,5.6,5.56,154.7,5.65,5.36,5.0,74.6841,81.85300000000001
289,1995-12-01,118320.0,5.6,5.6,153.9,5.71,5.51,5.14,75.1755,81.755
290,1995-11-01,118175.0,5.6,5.8,153.7,5.93,5.69,5.36,74.8897,81.63600000000001
291,1995-10-01,118031.0,5.5,5.76,153.5,6.04,5.86,5.28,74.7017,81.498
292,1995-09-01,117875.0,5.6,5.8,153.1,6.2,6.0,5.28,74.7937,81.322
293,1995-08-01,117634.0,5.7,5.74,152.9,6.49,6.24,5.4,74.495,81.124
294,1995-07-01,117380.0,5.7,5.85,152.6,6.28,6.01,5.42,73.5664,80.95100000000001
295,1995-06-01,117286.0,5.6,6.0,152.4,6.17,5.93,5.47,73.8602,80.8
296,1995-05-01,117049.0,5.6,6.01,152.1,6.63,6.41,5.67,73.6104,80.717
297,1995-04-01,117069.0,5.8,6.05,151.8,7.06,6.86,5.65,73.3612,80.675
298,1995-03-01,116907.0,5.4,5.98,151.2,7.2,7.05,5.73,73.4081,80.612
299,1995-02-01,116697.0,5.4,5.92,150.9,7.47,7.37,5.77,73.3025,80.543
300,1995-01-01,116501.0,5.6,5.53,150.5,7.78,7.76,5.71,73.4219,80.435
301,1994-12-01,116165.0,5.5,5.45,150.1,7.81,7.78,5.6,73.2879,80.304
302,1994-11-01,115869.0,5.6,5.29,149.8,7.96,7.72,5.29,72.5263,80.158
303,1994-10-01,115458.0,5.8,4.76,149.4,7.74,7.4,4.95,72.082,80.071
304,1994-09-01,115247.0,5.9,4.73,149.3,7.46,7.08,4.62,71.4767,79.925
305,1994-08-01,114896.0,6.0,4.47,149.0,7.24,6.88,4.48,71.2053,79.789
306,1994-07-01,114610.0,6.1,4.26,148.4,7.3,6.91,4.33,70.7846,79.604
307,1994-06-01,114238.0,6.1,4.25,147.9,7.1,6.7,4.14,70.6763,79.43
308,1994-05-01,113921.0,6.1,4.01,147.5,7.18,6.78,4.14,70.2281,79.22800000000001
309,1994-04-01,113586.0,6.4,3.56,147.2,6.97,6.52,3.68,69.8703,78.992
310,1994-03-01,113242.0,6.5,3.34,147.1,6.48,5.94,3.5,69.4766,78.859
311,1994-02-01,112781.0,6.6,3.25,146.7,5.97,5.4,3.25,68.7836,78.732
312,1994-01-01,112595.0,6.6,3.05,146.3,5.75,5.09,2.98,68.7648,78.595
313,1993-12-01,112314.0,6.5,2.96,146.3,5.77,5.15,3.06,68.5054,78.332
314,1993-11-01,111984.0,6.6,3.02,146.0,5.72,5.06,3.1,68.1326,78.16
315,1993-10-01,111733.0,6.8,2.99,145.6,5.33,4.71,3.02,67.8515,77.947
316,1993-09-01,111448.0,6.7,3.09,145.0,5.36,4.73,2.95,67.3345,77.795
317,1993-08-01,111206.0,6.8,3.03,144.8,5.68,5.03,3.02,67.014,77.612
318,1993-07-01,111055.0,6.9,3.06,144.5,5.81,5.09,3.04,67.0845,77.429
319,1993-06-01,110749.0,7.0,3.04,144.3,5.96,5.22,3.07,66.8781,77.241
320,1993-05-01,110568.0,7.1,3.0,144.2,6.04,5.2,2.96,66.7674,77.035
321,1993-04-01,110296.0,7.1,2.96,143.8,5.97,5.13,2.87,67.0,76.935
322,1993-03-01,109994.0,7.0,3.07,143.3,5.98,5.19,2.95,66.7658,76.868
323,1993-02-01,110044.0,7.1,3.03,143.1,6.26,5.43,2.93,66.8594,76.83800000000001
324,1993-01-01,109794.0,7.3,3.02,142.8,6.6,5.83,3.0,66.5643,76.78399999999999
325,1992-12-01,109495.0,7.4,2.92,142.3,6.77,6.08,3.22,66.2772,76.676
326,1992-11-01,109272.0,7.4,3.09,142.1,6.87,6.04,3.13,66.2174,76.568
327,1992-10-01,109139.0,7.3,3.1,141.7,6.59,5.6,2.86,65.9369,76.37899999999999
328,1992-09-01,108959.0,7.6,3.22,141.1,6.42,5.38,2.91,65.446,76.238
329,1992-08-01,108925.0,7.6,3.3,140.8,6.59,5.6,3.13,65.2943,76.23
330,1992-07-01,108793.0,7.7,3.25,140.5,6.84,5.84,3.21,65.6172,76.265
331,1992-06-01,108715.0,7.8,3.76,140.1,7.26,6.48,3.66,65.0295,76.329
332,1992-05-01,108649.0,7.6,3.82,139.7,7.39,6.69,3.63,65.0202,76.393
333,1992-04-01,108519.0,7.4,3.73,139.4,7.48,6.78,3.75,64.8088,76.34
334,1992-03-01,108365.0,7.4,3.98,139.1,7.54,6.95,4.04,64.3212,76.271
335,1992-02-01,108311.0,7.4,4.06,138.6,7.34,6.58,3.84,63.7911,76.149
336,1992-01-01,108369.0,7.3,4.03,138.3,7.03,6.24,3.8,63.3374,76.079
337,1991-12-01,108328.0,7.3,4.43,138.2,7.09,6.19,4.07,63.6937,76.043
338,1991-11-01,108296.0,7.0,4.81,137.8,7.42,6.62,4.56,63.948,76.02199999999999
339,1991-10-01,108357.0,7.0,5.21,137.2,7.53,6.87,4.99,64.0213,76.069
340,1991-09-01,108336.0,6.9,5.45,137.0,7.65,7.14,5.22,64.133,76.184
341,1991-08-01,108310.0,6.9,5.66,136.6,7.9,7.43,5.33,63.5671,76.09899999999999
342,1991-07-01,108292.0,6.8,5.82,136.2,8.27,7.91,5.58,63.5128,76.074
343,1991-06-01,108334.0,6.9,5.9,136.0,8.28,7.94,5.57,63.4372,75.988
344,1991-05-01,108249.0,6.9,5.78,135.6,8.07,7.7,5.46,62.8646,75.76
345,1991-04-01,108364.0,6.7,5.91,135.1,8.04,7.7,5.65,62.2415,75.559
346,1991-03-01,108574.0,6.8,6.12,134.8,8.11,7.77,5.91,62.119,75.57
347,1991-02-01,108734.0,6.6,6.25,134.8,7.85,7.47,5.94,62.4462,75.73100000000001
348,1991-01-01,109055.0,6.4,6.91,134.7,8.09,7.7,6.22,62.8852,75.908
349,1990-12-01,109166.0,6.3,7.31,134.2,8.08,7.73,6.74,63.1594,76.17699999999999
350,1990-11-01,109214.0,6.2,7.81,133.7,8.39,8.02,7.06,63.5753,76.37100000000001
351,1990-10-01,109367.0,5.9,8.11,133.4,8.72,8.33,7.17,64.3274,76.695
352,1990-09-01,109518.0,5.9,8.2,132.5,8.89,8.51,7.36,64.8145,76.842
353,1990-08-01,109616.0,5.7,8.13,131.6,8.75,8.44,7.45,64.7326,77.002
354,1990-07-01,109824.0,5.5,8.15,130.5,8.47,8.33,7.62,64.5205,77.13600000000001
355,1990-06-01,109856.0,5.2,8.29,129.9,8.48,8.43,7.73,64.6041,77.256
356,1990-05-01,109839.0,5.4,8.18,129.1,8.76,8.74,7.74,64.3973,77.297
357,1990-04-01,109686.0,5.4,8.26,128.9,8.79,8.77,7.77,64.2602,77.279
358,1990-03-01,109644.0,5.2,8.28,128.6,8.59,8.6,7.9,64.358,77.202
359,1990-02-01,109435.0,5.3,8.24,128.0,8.47,8.42,7.74,64.0446,77.05199999999999
360,1990-01-01,109199.0,5.4,8.23,127.5,8.21,8.12,7.64,63.4228,76.896
361,1989-12-01,108836.0,5.4,8.45,126.3,7.84,7.75,7.63,63.8467,76.706
362,1989-11-01,108752.0,5.4,8.55,125.9,7.87,7.81,7.69,63.4616,76.529
363,1989-10-01,108476.0,5.3,8.84,125.4,8.01,7.97,7.64,63.2542,76.289
364,1989-09-01,108369.0,5.3,9.02,124.8,8.19,8.17,7.75,63.2954,76.06
365,1989-08-01,108120.0,5.2,8.99,124.5,8.11,8.09,7.9,63.5168,75.84100000000001
366,1989-07-01,108069.0,5.2,9.24,124.5,8.02,7.83,7.88,62.9354,75.663
367,1989-06-01,108027.0,5.3,9.53,124.1,8.28,8.29,8.15,63.5187,75.483
368,1989-05-01,107913.0,5.2,9.81,123.7,8.86,8.91,8.43,63.4884,75.31
369,1989-04-01,107791.0,5.2,9.84,123.1,9.18,9.3,8.65,63.9124,75.09
370,1989-03-01,107621.0,5.0,9.85,122.2,9.36,9.51,8.82,63.8691,74.786
371,1989-02-01,107427.0,5.2,9.36,121.6,9.17,9.27,8.53,63.7242,74.388
372,1989-01-01,107161.0,5.4,9.12,121.2,9.09,9.15,8.27,64.0153,73.953
373,1988-12-01,106898.0,5.3,8.76,120.7,9.11,9.09,8.07,63.8233,73.473
374,1988-11-01,106617.0,5.3,8.35,120.3,8.96,8.79,7.76,63.5128,73.082
375,1988-10-01,106276.0,5.4,8.3,119.9,8.8,8.51,7.35,63.4122,72.645
376,1988-09-01,106013.0,5.4,8.19,119.5,8.98,8.69,7.24,63.099,72.248
377,1988-08-01,105674.0,5.6,8.01,119.0,9.26,8.94,7.06,63.2723,71.807
378,1988-07-01,105550.0,5.4,7.75,118.5,9.06,8.66,6.73,63.0093,71.362
379,1988-06-01,105326.0,5.4,7.51,118.0,8.92,8.49,6.46,62.9823,70.895
380,1988-05-01,104962.0,5.6,7.09,117.5,9.09,8.58,6.26,62.8223,70.434
381,1988-04-01,104732.0,5.4,6.87,117.2,8.72,8.19,5.91,62.8959,69.985
382,1988-03-01,104489.0,5.7,6.58,116.5,8.37,7.83,5.7,62.5418,69.656
383,1988-02-01,104214.0,5.7,6.58,116.2,8.21,7.71,5.66,62.4169,69.279
384,1988-01-01,103753.0,5.7,6.83,116.0,8.67,8.18,5.81,62.1469,68.876
385,1987-12-01,103661.0,5.7,6.77,115.6,8.99,8.45,5.77,62.119,68.523
386,1987-11-01,103372.0,5.8,6.69,115.4,8.86,8.35,5.69,61.8137,68.12100000000001
387,1987-10-01,103138.0,6.0,7.29,115.0,9.52,9.08,6.13,61.491,67.755
388,1987-09-01,102647.0,5.9,7.22,114.7,9.42,8.94,6.4,60.6069,67.343
389,1987-08-01,102420.0,6.0,6.73,114.3,8.76,8.32,6.04,60.4517,66.949
390,1987-07-01,102247.0,6.1,6.58,113.8,8.45,8.01,5.69,59.9536,66.52
391,1987-06-01,101900.0,6.2,6.73,113.5,8.4,8.02,5.67,59.5409,66.089
392,1987-05-01,101728.0,6.3,6.85,113.0,8.61,8.26,5.66,59.2653,65.584
393,1987-04-01,101499.0,6.3,6.37,112.7,8.02,7.57,5.64,58.8851,65.153
394,1987-03-01,101164.0,6.6,6.13,112.2,7.25,6.79,5.59,58.516,64.76100000000001
395,1987-02-01,100919.0,6.6,6.1,111.8,7.25,6.79,5.59,58.4399,64.447
396,1987-01-01,100678.0,6.6,6.43,111.4,7.08,6.64,5.43,57.685,63.988
